study_no,reference,lat,long,data_type,reps,sys_tillage,sys_weedmgmt,weedmsmt_unit,perenYN,fallowYN,checkcrop,cropseq,rotlen_yrs,species_nu,studyage_yrs,weed_bio,weed_bioSE,weed_den,weed_denSE
1,"Adamiak and Adamiak, 2004",53.596166,19.851759,RM,4,tilled,herbicides,community,N,N,O,O,1,1,1,149.15,NA,480.5,NA
1,"Adamiak and Adamiak, 2004",53.596166,19.851759,RM,4,tilled,herbicides,community,N,N,O,O,1,1,2,67.8,NA,230,NA
1,"Adamiak and Adamiak, 2004",53.596166,19.851759,RM,4,tilled,herbicides,community,N,N,O,O,1,1,3,100.9,NA,216.5,NA
1,"Adamiak and Adamiak, 2004",53.596166,19.851759,RM,4,tilled,herbicides,community,N,N,O,O,1,1,4,84.8,NA,112.5,NA
1,"Adamiak and Adamiak, 2004",53.596166,19.851759,RM,4,tilled,herbicides,community,N,N,O,O,1,1,5,56.05,NA,133.5,NA
1,"Adamiak and Adamiak, 2004",53.596166,19.851759,RM,4,tilled,herbicides,community,N,N,O,O,1,1,6,132.6,NA,249.5,NA
1,"Adamiak and Adamiak, 2004",53.596166,19.851759,RM,4,tilled,herbicides,community,N,N,O,Fl-Ry-Db-Tr-Po-O,6,6,1,5.35,NA,79.5,NA
1,"Adamiak and Adamiak, 2004",53.596166,19.851759,RM,4,tilled,herbicides,community,N,N,O,Fl-Ry-Db-Tr-Po-O,6,6,2,4.3,NA,50.5,NA
1,"Adamiak and Adamiak, 2004",53.596166,19.851759,RM,4,tilled,herbicides,community,N,N,O,Fl-Ry-Db-Tr-Po-O,6,6,3,2.3,NA,26,NA
1,"Adamiak and Adamiak, 2004",53.596166,19.851759,RM,4,tilled,herbicides,community,N,N,O,Fl-Ry-Db-Tr-Po-O,6,6,4,38.3,NA,115,NA
1,"Adamiak and Adamiak, 2004",53.596166,19.851759,RM,4,tilled,herbicides,community,N,N,O,Fl-Ry-Db-Tr-Po-O,6,6,5,9.2,NA,83.5,NA
1,"Adamiak and Adamiak, 2004",53.596166,19.851759,RM,4,tilled,herbicides,community,N,N,O,Fl-Ry-Db-Tr-Po-O,6,6,6,8.1,NA,77,NA
1,"Adamiak and Adamiak, 2004",53.596166,19.851759,RM,4,tilled,none,community,N,N,O,O,1,1,1,140.75,NA,601.5,NA
1,"Adamiak and Adamiak, 2004",53.596166,19.851759,RM,4,tilled,none,community,N,N,O,O,1,1,2,179.2,NA,920.5,NA
1,"Adamiak and Adamiak, 2004",53.596166,19.851759,RM,4,tilled,none,community,N,N,O,O,1,1,3,178.75,NA,863,NA
1,"Adamiak and Adamiak, 2004",53.596166,19.851759,RM,4,tilled,none,community,N,N,O,O,1,1,4,122.6,NA,599,NA
1,"Adamiak and Adamiak, 2004",53.596166,19.851759,RM,4,tilled,none,community,N,N,O,O,1,1,5,152.15,NA,498,NA
1,"Adamiak and Adamiak, 2004",53.596166,19.851759,RM,4,tilled,none,community,N,N,O,O,1,1,6,157.55,NA,725.5,NA
1,"Adamiak and Adamiak, 2004",53.596166,19.851759,RM,4,tilled,none,community,N,N,O,Fl-Ry-Db-Tr-Po-O,6,6,1,25.4,NA,208.5,NA
1,"Adamiak and Adamiak, 2004",53.596166,19.851759,RM,4,tilled,none,community,N,N,O,Fl-Ry-Db-Tr-Po-O,6,6,2,21.799999999999997,NA,141.5,NA
1,"Adamiak and Adamiak, 2004",53.596166,19.851759,RM,4,tilled,none,community,N,N,O,Fl-Ry-Db-Tr-Po-O,6,6,3,21.9,NA,114.5,NA
1,"Adamiak and Adamiak, 2004",53.596166,19.851759,RM,4,tilled,none,community,N,N,O,Fl-Ry-Db-Tr-Po-O,6,6,4,44.55,NA,236.5,NA
1,"Adamiak and Adamiak, 2004",53.596166,19.851759,RM,4,tilled,none,community,N,N,O,Fl-Ry-Db-Tr-Po-O,6,6,5,69.75,NA,250.5,NA
1,"Adamiak and Adamiak, 2004",53.596166,19.851759,RM,4,tilled,none,community,N,N,O,Fl-Ry-Db-Tr-Po-O,6,6,6,30.95,NA,309.5,NA
2,"Anderson and Beck, 2007",44.355357,-100.367791,LAST,4,NT,herbicides,community,N,Y,W,F-W,2,1,12,NA,NA,100,NA
2,"Anderson and Beck, 2007",44.355357,-100.367791,LAST,4,NT,herbicides,community,N,N,W,Ch-W,2,2,12,NA,NA,182,NA
2,"Anderson and Beck, 2007",44.355357,-100.367791,LAST,4,NT,herbicides,community,N,N,W,M-Ch-W,3,3,12,NA,NA,53,NA
2,"Anderson and Beck, 2007",44.355357,-100.367791,LAST,4,NT,herbicides,community,N,N,W,M-F-W,3,3,12,NA,NA,16,NA
2,"Anderson and Beck, 2007",44.355357,-100.367791,LAST,4,NT,herbicides,community,N,N,W,M-Fp-W,3,3,12,NA,NA,15,NA
2,"Anderson and Beck, 2007",44.355357,-100.367791,LAST,4,NT,herbicides,community,N,N,W,M-Sb-Fp-W,4,4,12,NA,NA,9,NA
3,"Anderson et al., 1998",46.82216,-100.918353,LAST,3,NT,herbicides,community,N,Y,sW,F-sW,2,1,10,NA,NA,284,NA
3,"Anderson et al., 1998",46.82216,-100.918353,LAST,3,NT,herbicides,community,N,N,sW,W-Su-sW,3,2,10,NA,NA,182,NA
3,"Anderson et al., 1998",46.82216,-100.918353,LAST,3,tilled,herbicides,community,N,Y,sW,F-sW,2,1,10,NA,NA,61,NA
3,"Anderson et al., 1998",46.82216,-100.918353,LAST,3,tilled,herbicides,community,N,N,sW,W-Su-sW,3,2,10,NA,NA,33.5,NA
4,"Anderson et al., 2007",43.986856,-102.239657,LAST,4,tilled,herbicides,community,N,Y,W,F-W,2,1,8,NA,NA,33,NA
4,"Anderson et al., 2007",43.986856,-102.239657,LAST,4,tilled,herbicides,community,N,N,W,Mi-W,2,2,8,NA,NA,225,NA
4,"Anderson et al., 2007",43.986856,-102.239657,LAST,4,tilled,herbicides,community,N,N,W,Fp-Mi-W,3,3,8,NA,NA,60,NA
4,"Anderson et al., 2007",43.986856,-102.239657,LAST,4,tilled,herbicides,community,N,N,W,M-Mi-W,3,3,8,NA,NA,65,NA
4,"Anderson et al., 2007",43.986856,-102.239657,LAST,4,tilled,herbicides,community,N,N,W,M-Su-sW-W,4,3,8,NA,NA,44,NA
4,"Anderson et al., 2007",43.986856,-102.239657,LAST,4,tilled,herbicides,community,N,N,W,Saf-F-W-W,4,3,8,NA,NA,82,NA
4,"Anderson et al., 2007",43.986856,-102.239657,LAST,4,tilled,herbicides,community,N,N,W,Saf-Mi-W,3,3,8,NA,NA,72,NA
4,"Anderson et al., 2007",43.986856,-102.239657,LAST,4,tilled,herbicides,community,N,N,W,Su-F-W-W,4,3,8,NA,NA,94,NA
5,"Anderson, 2007",44.311964,-96.79755,LAST,4,tilled,herbicides,single species,N,N,Sb,Sb,1,1,3.5,NA,NA,2.2,NA
5,"Anderson, 2007",44.311964,-96.79755,LAST,4,tilled,herbicides,single species,N,N,Sb,W-Sb-Sb-Sb,4,2,3.5,NA,NA,1.4,NA
5,"Anderson, 2007",44.311964,-96.79755,LAST,4,tilled,herbicides,single species,N,N,Sb,sR-W-Sb-Sb,4,3,3.5,NA,NA,0.6,NA
6,"Ball and Miller, 1993",42.063589,-104.196577,RM,4,tilled,herbicides,community,N,N,M,M,1,1,3,NA,NA,14,NA
6,"Ball and Miller, 1993",42.063589,-104.196577,RM,4,tilled,herbicides,community,N,N,M,M,1,1,4,NA,NA,65,NA
6,"Ball and Miller, 1993",42.063589,-104.196577,RM,4,tilled,herbicides,community,N,N,M,M,1,1,5,NA,NA,106,NA
6,"Ball and Miller, 1993",42.063589,-104.196577,RM,4,tilled,herbicides,community,N,N,M,Be-Be-M-M-M,5,2,3,NA,NA,70.5,NA
6,"Ball and Miller, 1993",42.063589,-104.196577,RM,4,tilled,herbicides,community,N,N,M,Be-Be-M-M-M,5,2,4,NA,NA,95,NA
6,"Ball and Miller, 1993",42.063589,-104.196577,RM,4,tilled,herbicides,community,N,N,M,Be-Be-M-M-M,5,2,5,NA,NA,130.5,NA
6,"Ball and Miller, 1993",42.063589,-104.196577,RM,4,tilled,herbicides,community,N,N,M,Db-Db-Db-M-M,5,2,4,NA,NA,250,NA
6,"Ball and Miller, 1993",42.063589,-104.196577,RM,4,tilled,herbicides,community,N,N,M,Db-Db-Db-M-M,5,2,5,NA,NA,145,NA
7,"Benoit et al., 2003",45.10671,-73.527547,RM,6,tilled,herbicides,community,N,N,Ca,Ca,1,1,1,NA,NA,177,NA
7,"Benoit et al., 2003",45.10671,-73.527547,RM,6,tilled,herbicides,community,N,N,Ca,Ca,1,1,3,NA,NA,18.4,NA
7,"Benoit et al., 2003",45.10671,-73.527547,RM,6,tilled,herbicides,community,N,N,Ca,B-Ca-Ca,3,2,3,NA,NA,7.6,NA
7,"Benoit et al., 2003",45.10671,-73.527547,RM,6,tilled,herbicides,community,N,N,Ca,Ca-B-Ca,2,2,1,NA,NA,177,NA
7,"Benoit et al., 2003",45.10671,-73.527547,RM,6,tilled,herbicides,community,N,N,Ca,Ca-B-Ca,2,2,3,NA,NA,10.6,NA
7,"Benoit et al., 2003",45.10671,-73.527547,RM,6,tilled,herbicides,community,N,N,Ca,Ca-On-Ca,2,2,1,NA,NA,177,NA
7,"Benoit et al., 2003",45.10671,-73.527547,RM,6,tilled,herbicides,community,N,N,Ca,Ca-On-Ca,2,2,3,NA,NA,26.1,NA
7,"Benoit et al., 2003",45.10671,-73.527547,RM,6,tilled,herbicides,community,N,N,Ca,B-On-Ca,3,3,3,NA,NA,10.6,NA
7,"Benoit et al., 2003",45.10671,-73.527547,RM,6,tilled,herbicides,community,N,N,Ca,On-B-Ca,3,3,1,NA,NA,39,NA
7,"Benoit et al., 2003",45.10671,-73.527547,RM,6,tilled,herbicides,community,N,N,Ca,On-B-Ca,3,3,3,NA,NA,23.9,NA
8,"Blackshaw et al., 1994",49.693913,-112.841842,RM,6,NT,herbicides,community,N,N,W,F-W,2,1,1,NA,NA,7,NA
8,"Blackshaw et al., 1994",49.693913,-112.841842,RM,6,NT,herbicides,community,N,N,W,F-W,2,1,2,NA,NA,3,NA
8,"Blackshaw et al., 1994",49.693913,-112.841842,RM,6,NT,herbicides,community,N,N,W,F-W,2,1,3,NA,NA,5,NA
8,"Blackshaw et al., 1994",49.693913,-112.841842,RM,6,NT,herbicides,community,N,N,W,F-W,2,1,4,NA,NA,1,NA
8,"Blackshaw et al., 1994",49.693913,-112.841842,RM,6,NT,herbicides,community,N,N,W,F-W,2,1,5,NA,NA,1,NA
8,"Blackshaw et al., 1994",49.693913,-112.841842,RM,6,NT,herbicides,community,N,N,W,W,1,1,1,NA,NA,6,NA
8,"Blackshaw et al., 1994",49.693913,-112.841842,RM,6,NT,herbicides,community,N,N,W,W,1,1,2,NA,NA,11,NA
8,"Blackshaw et al., 1994",49.693913,-112.841842,RM,6,NT,herbicides,community,N,N,W,W,1,1,3,NA,NA,41,NA
8,"Blackshaw et al., 1994",49.693913,-112.841842,RM,6,NT,herbicides,community,N,N,W,W,1,1,4,NA,NA,1,NA
8,"Blackshaw et al., 1994",49.693913,-112.841842,RM,6,NT,herbicides,community,N,N,W,W,1,1,5,NA,NA,2,NA
8,"Blackshaw et al., 1994",49.693913,-112.841842,RM,6,NT,herbicides,community,N,N,W,Fl-W,2,2,3,NA,NA,3,NA
8,"Blackshaw et al., 1994",49.693913,-112.841842,RM,6,NT,herbicides,community,N,N,W,Fl-W,2,2,4,NA,NA,1,NA
8,"Blackshaw et al., 1994",49.693913,-112.841842,RM,6,NT,herbicides,community,N,N,W,Fl-W,2,2,5,NA,NA,1,NA
8,"Blackshaw et al., 1994",49.693913,-112.841842,RM,6,NT,herbicides,community,N,N,W,L-W,2,2,1,NA,NA,13,NA
8,"Blackshaw et al., 1994",49.693913,-112.841842,RM,6,NT,herbicides,community,N,N,W,L-W,2,2,2,NA,NA,3,NA
8,"Blackshaw et al., 1994",49.693913,-112.841842,RM,6,NT,herbicides,community,N,N,W,sR-W,2,2,1,NA,NA,2,NA
8,"Blackshaw et al., 1994",49.693913,-112.841842,RM,6,NT,herbicides,community,N,N,W,sR-W,2,2,2,NA,NA,1,NA
8,"Blackshaw et al., 1994",49.693913,-112.841842,RM,6,NT,herbicides,community,N,N,W,sR-W,2,2,3,NA,NA,3,NA
8,"Blackshaw et al., 1994",49.693913,-112.841842,RM,6,NT,herbicides,community,N,N,W,sR-W,2,2,4,NA,NA,1,NA
8,"Blackshaw et al., 1994",49.693913,-112.841842,RM,6,NT,herbicides,community,N,N,W,sR-W,2,2,5,NA,NA,1,NA
8,"Blackshaw et al., 1994",49.693913,-112.841842,RM,6,tilled,herbicides,community,N,N,W,F-W,2,1,1,NA,NA,13,NA
8,"Blackshaw et al., 1994",49.693913,-112.841842,RM,6,tilled,herbicides,community,N,N,W,F-W,2,1,2,NA,NA,7,NA
8,"Blackshaw et al., 1994",49.693913,-112.841842,RM,6,tilled,herbicides,community,N,N,W,F-W,2,1,3,NA,NA,10,NA
8,"Blackshaw et al., 1994",49.693913,-112.841842,RM,6,tilled,herbicides,community,N,N,W,F-W,2,1,4,NA,NA,1,NA
8,"Blackshaw et al., 1994",49.693913,-112.841842,RM,6,tilled,herbicides,community,N,N,W,F-W,2,1,5,NA,NA,1,NA
8,"Blackshaw et al., 1994",49.693913,-112.841842,RM,6,tilled,herbicides,community,N,N,W,W,1,1,1,NA,NA,11.5,NA
8,"Blackshaw et al., 1994",49.693913,-112.841842,RM,6,tilled,herbicides,community,N,N,W,W,1,1,2,NA,NA,14.5,NA
8,"Blackshaw et al., 1994",49.693913,-112.841842,RM,6,tilled,herbicides,community,N,N,W,W,1,1,3,NA,NA,15.5,NA
8,"Blackshaw et al., 1994",49.693913,-112.841842,RM,6,tilled,herbicides,community,N,N,W,W,1,1,4,NA,NA,1,NA
8,"Blackshaw et al., 1994",49.693913,-112.841842,RM,6,tilled,herbicides,community,N,N,W,W,1,1,5,NA,NA,1,NA
8,"Blackshaw et al., 1994",49.693913,-112.841842,RM,6,tilled,herbicides,community,N,N,W,Fl-W,2,2,3,NA,NA,6.5,NA
8,"Blackshaw et al., 1994",49.693913,-112.841842,RM,6,tilled,herbicides,community,N,N,W,Fl-W,2,2,4,NA,NA,1,NA
8,"Blackshaw et al., 1994",49.693913,-112.841842,RM,6,tilled,herbicides,community,N,N,W,Fl-W,2,2,5,NA,NA,1,NA
8,"Blackshaw et al., 1994",49.693913,-112.841842,RM,6,tilled,herbicides,community,N,N,W,L-W,2,2,1,NA,NA,257.5,NA
8,"Blackshaw et al., 1994",49.693913,-112.841842,RM,6,tilled,herbicides,community,N,N,W,L-W,2,2,2,NA,NA,16,NA
8,"Blackshaw et al., 1994",49.693913,-112.841842,RM,6,tilled,herbicides,community,N,N,W,sR-W,2,2,1,NA,NA,8,NA
8,"Blackshaw et al., 1994",49.693913,-112.841842,RM,6,tilled,herbicides,community,N,N,W,sR-W,2,2,2,NA,NA,63,NA
8,"Blackshaw et al., 1994",49.693913,-112.841842,RM,6,tilled,herbicides,community,N,N,W,sR-W,2,2,3,NA,NA,3.5,NA
8,"Blackshaw et al., 1994",49.693913,-112.841842,RM,6,tilled,herbicides,community,N,N,W,sR-W,2,2,4,NA,NA,1,NA
8,"Blackshaw et al., 1994",49.693913,-112.841842,RM,6,tilled,herbicides,community,N,N,W,sR-W,2,2,5,NA,NA,1,NA
9,"Blackshaw et al., 2001",49.693913,-112.841842,AVG,6,NT,herbicides,community,N,N,W,W,1,1,4.5,NA,NA,98,32
9,"Blackshaw et al., 2001",49.693913,-112.841842,AVG,6,NT,herbicides,community,N,Y,W,W,2,1,4.5,NA,NA,6,2
9,"Blackshaw et al., 2001",49.693913,-112.841842,AVG,6,NT,herbicides,community,N,N,W,Fl-W,2,2,4.5,NA,NA,5,1
9,"Blackshaw et al., 2001",49.693913,-112.841842,AVG,6,NT,herbicides,community,N,N,W,sR-W,2,2,4.5,NA,NA,15,5
9,"Blackshaw et al., 2001",49.693913,-112.841842,AVG,6,tilled,herbicides,community,N,N,W,W,1,1,4.5,NA,NA,24.5,8
9,"Blackshaw et al., 2001",49.693913,-112.841842,AVG,6,tilled,herbicides,community,N,Y,W,W,2,1,4.5,NA,NA,10.5,2.5
9,"Blackshaw et al., 2001",49.693913,-112.841842,AVG,6,tilled,herbicides,community,N,N,W,Fl-W,2,2,4.5,NA,NA,9,2.5
9,"Blackshaw et al., 2001",49.693913,-112.841842,AVG,6,tilled,herbicides,community,N,N,W,sR-W,2,2,4.5,NA,NA,5,1
10,"Blackshaw et al., 2015",50.099254,-112.150692,RM,4,tilled,herbicides,community,N,N,sW,sW,1,1,1,NA,NA,17,NA
10,"Blackshaw et al., 2015",50.099254,-112.150692,RM,4,tilled,herbicides,community,N,N,sW,sW,1,1,2,NA,NA,29,NA
10,"Blackshaw et al., 2015",50.099254,-112.150692,RM,4,tilled,herbicides,community,N,N,sW,sW,1,1,3,NA,NA,94,NA
10,"Blackshaw et al., 2015",50.099254,-112.150692,RM,4,tilled,herbicides,community,N,N,sW,sW,1,1,4,NA,NA,155,NA
10,"Blackshaw et al., 2015",50.099254,-112.150692,RM,4,tilled,herbicides,community,N,N,sW,sW,1,1,5,NA,NA,77,NA
10,"Blackshaw et al., 2015",50.099254,-112.150692,RM,4,tilled,herbicides,community,N,N,sW,sW,1,1,6,NA,NA,27,NA
10,"Blackshaw et al., 2015",50.099254,-112.150692,RM,4,tilled,herbicides,community,N,N,sW,sW,1,1,7,NA,NA,5,NA
10,"Blackshaw et al., 2015",50.099254,-112.150692,RM,4,tilled,herbicides,community,N,N,sW,sW,1,1,8,NA,NA,14,NA
10,"Blackshaw et al., 2015",50.099254,-112.150692,RM,4,tilled,herbicides,community,N,N,sW,sW,1,1,9,NA,NA,10,NA
10,"Blackshaw et al., 2015",50.099254,-112.150692,RM,4,tilled,herbicides,community,N,N,sW,sW,1,1,10,NA,NA,14,NA
10,"Blackshaw et al., 2015",50.099254,-112.150692,RM,4,tilled,herbicides,community,N,N,sW,sW,1,1,11,NA,NA,24,NA
10,"Blackshaw et al., 2015",50.099254,-112.150692,RM,4,tilled,herbicides,community,N,N,sW,sW,1,1,12,NA,NA,51,NA
10,"Blackshaw et al., 2015",50.099254,-112.150692,RM,4,tilled,herbicides,community,N,N,sW,Po-Db-sW,3,3,1,NA,NA,30,NA
10,"Blackshaw et al., 2015",50.099254,-112.150692,RM,4,tilled,herbicides,community,N,N,sW,Po-Db-sW,3,3,2,NA,NA,30,NA
10,"Blackshaw et al., 2015",50.099254,-112.150692,RM,4,tilled,herbicides,community,N,N,sW,Po-Db-sW,3,3,3,NA,NA,21,NA
10,"Blackshaw et al., 2015",50.099254,-112.150692,RM,4,tilled,herbicides,community,N,N,sW,Po-Db-sW,3,3,4,NA,NA,6.5,NA
10,"Blackshaw et al., 2015",50.099254,-112.150692,RM,4,tilled,herbicides,community,N,N,sW,Po-Db-sW,3,3,5,NA,NA,12.5,NA
10,"Blackshaw et al., 2015",50.099254,-112.150692,RM,4,tilled,herbicides,community,N,N,sW,Po-Db-sW,3,3,6,NA,NA,19.5,NA
10,"Blackshaw et al., 2015",50.099254,-112.150692,RM,4,tilled,herbicides,community,N,N,sW,Po-Db-sW,3,3,7,NA,NA,8.5,NA
10,"Blackshaw et al., 2015",50.099254,-112.150692,RM,4,tilled,herbicides,community,N,N,sW,Po-Db-sW,3,3,8,NA,NA,4.5,NA
10,"Blackshaw et al., 2015",50.099254,-112.150692,RM,4,tilled,herbicides,community,N,N,sW,Po-Db-sW,3,3,9,NA,NA,9,NA
10,"Blackshaw et al., 2015",50.099254,-112.150692,RM,4,tilled,herbicides,community,N,N,sW,Po-Db-sW,3,3,10,NA,NA,4.5,NA
10,"Blackshaw et al., 2015",50.099254,-112.150692,RM,4,tilled,herbicides,community,N,N,sW,Po-Db-sW,3,3,11,NA,NA,11.5,NA
10,"Blackshaw et al., 2015",50.099254,-112.150692,RM,4,tilled,herbicides,community,N,N,sW,Po-Db-sW,3,3,12,NA,NA,2,NA
10,"Blackshaw et al., 2015",50.099254,-112.150692,RM,4,tilled,herbicides,community,N,N,sW,Be-Db-Po-sW,4,4,1,NA,NA,32,NA
10,"Blackshaw et al., 2015",50.099254,-112.150692,RM,4,tilled,herbicides,community,N,N,sW,Be-Db-Po-sW,4,4,2,NA,NA,25,NA
10,"Blackshaw et al., 2015",50.099254,-112.150692,RM,4,tilled,herbicides,community,N,N,sW,Be-Db-Po-sW,4,4,3,NA,NA,13,NA
10,"Blackshaw et al., 2015",50.099254,-112.150692,RM,4,tilled,herbicides,community,N,N,sW,Be-Db-Po-sW,4,4,4,NA,NA,6,NA
10,"Blackshaw et al., 2015",50.099254,-112.150692,RM,4,tilled,herbicides,community,N,N,sW,Be-Db-Po-sW,4,4,5,NA,NA,7.5,NA
10,"Blackshaw et al., 2015",50.099254,-112.150692,RM,4,tilled,herbicides,community,N,N,sW,Be-Db-Po-sW,4,4,6,NA,NA,25,NA
10,"Blackshaw et al., 2015",50.099254,-112.150692,RM,4,tilled,herbicides,community,N,N,sW,Be-Db-Po-sW,4,4,7,NA,NA,7,NA
10,"Blackshaw et al., 2015",50.099254,-112.150692,RM,4,tilled,herbicides,community,N,N,sW,Be-Db-Po-sW,4,4,8,NA,NA,2.5,NA
10,"Blackshaw et al., 2015",50.099254,-112.150692,RM,4,tilled,herbicides,community,N,N,sW,Be-Db-Po-sW,4,4,9,NA,NA,11.5,NA
10,"Blackshaw et al., 2015",50.099254,-112.150692,RM,4,tilled,herbicides,community,N,N,sW,Be-Db-Po-sW,4,4,10,NA,NA,2.5,NA
10,"Blackshaw et al., 2015",50.099254,-112.150692,RM,4,tilled,herbicides,community,N,N,sW,Be-Db-Po-sW,4,4,11,NA,NA,21,NA
10,"Blackshaw et al., 2015",50.099254,-112.150692,RM,4,tilled,herbicides,community,N,N,sW,Be-Db-Po-sW,4,4,12,NA,NA,2,NA
10,"Blackshaw et al., 2015",50.099254,-112.150692,RM,4,tilled,herbicides,community,N,N,sW,Db-Po-sW-Be-sW,5,4,1,NA,NA,37,NA
10,"Blackshaw et al., 2015",50.099254,-112.150692,RM,4,tilled,herbicides,community,N,N,sW,Db-Po-sW-Be-sW,5,4,2,NA,NA,21,NA
10,"Blackshaw et al., 2015",50.099254,-112.150692,RM,4,tilled,herbicides,community,N,N,sW,Db-Po-sW-Be-sW,5,4,3,NA,NA,16,NA
10,"Blackshaw et al., 2015",50.099254,-112.150692,RM,4,tilled,herbicides,community,N,N,sW,Db-Po-sW-Be-sW,5,4,4,NA,NA,7,NA
10,"Blackshaw et al., 2015",50.099254,-112.150692,RM,4,tilled,herbicides,community,N,N,sW,Db-Po-sW-Be-sW,5,4,5,NA,NA,18,NA
10,"Blackshaw et al., 2015",50.099254,-112.150692,RM,4,tilled,herbicides,community,N,N,sW,Db-Po-sW-Be-sW,5,4,6,NA,NA,29,NA
10,"Blackshaw et al., 2015",50.099254,-112.150692,RM,4,tilled,herbicides,community,N,N,sW,Db-Po-sW-Be-sW,5,4,7,NA,NA,11,NA
10,"Blackshaw et al., 2015",50.099254,-112.150692,RM,4,tilled,herbicides,community,N,N,sW,Db-Po-sW-Be-sW,5,4,8,NA,NA,3,NA
10,"Blackshaw et al., 2015",50.099254,-112.150692,RM,4,tilled,herbicides,community,N,N,sW,Db-Po-sW-Be-sW,5,4,9,NA,NA,14,NA
10,"Blackshaw et al., 2015",50.099254,-112.150692,RM,4,tilled,herbicides,community,N,N,sW,Db-Po-sW-Be-sW,5,4,10,NA,NA,3,NA
10,"Blackshaw et al., 2015",50.099254,-112.150692,RM,4,tilled,herbicides,community,N,N,sW,Db-Po-sW-Be-sW,5,4,11,NA,NA,17,NA
10,"Blackshaw et al., 2015",50.099254,-112.150692,RM,4,tilled,herbicides,community,N,N,sW,Db-Po-sW-Be-sW,5,4,12,NA,NA,4,NA
11,"Blackshaw, 1994",49.693913,-112.841842,RM,6,NT,herbicides,single species,N,N,W,F-W,2,1,1,NA,NA,17,NA
11,"Blackshaw, 1994",49.693913,-112.841842,RM,6,NT,herbicides,single species,N,N,W,F-W,2,1,2,NA,NA,16,NA
11,"Blackshaw, 1994",49.693913,-112.841842,RM,6,NT,herbicides,single species,N,N,W,F-W,2,1,3,NA,NA,28,NA
11,"Blackshaw, 1994",49.693913,-112.841842,RM,6,NT,herbicides,single species,N,N,W,F-W,2,1,4,NA,NA,52,NA
11,"Blackshaw, 1994",49.693913,-112.841842,RM,6,NT,herbicides,single species,N,N,W,F-W,2,1,5,NA,NA,36,NA
11,"Blackshaw, 1994",49.693913,-112.841842,RM,6,NT,herbicides,single species,N,N,W,F-W,2,1,6,NA,NA,57,NA
11,"Blackshaw, 1994",49.693913,-112.841842,RM,6,NT,herbicides,single species,N,N,W,W,1,1,1,NA,NA,17,NA
11,"Blackshaw, 1994",49.693913,-112.841842,RM,6,NT,herbicides,single species,N,N,W,W,1,1,2,NA,NA,63,NA
11,"Blackshaw, 1994",49.693913,-112.841842,RM,6,NT,herbicides,single species,N,N,W,W,1,1,3,NA,NA,299,NA
11,"Blackshaw, 1994",49.693913,-112.841842,RM,6,NT,herbicides,single species,N,N,W,W,1,1,4,NA,NA,648,NA
11,"Blackshaw, 1994",49.693913,-112.841842,RM,6,NT,herbicides,single species,N,N,W,W,1,1,5,NA,NA,1109,NA
11,"Blackshaw, 1994",49.693913,-112.841842,RM,6,NT,herbicides,single species,N,N,W,W,1,1,6,NA,NA,841,NA
11,"Blackshaw, 1994",49.693913,-112.841842,RM,6,NT,herbicides,single species,N,N,W,sR-W,2,2,1,NA,NA,19,NA
11,"Blackshaw, 1994",49.693913,-112.841842,RM,6,NT,herbicides,single species,N,N,W,sR-W,2,2,2,NA,NA,15,NA
11,"Blackshaw, 1994",49.693913,-112.841842,RM,6,NT,herbicides,single species,N,N,W,sR-W,2,2,3,NA,NA,26,NA
11,"Blackshaw, 1994",49.693913,-112.841842,RM,6,NT,herbicides,single species,N,N,W,sR-W,2,2,4,NA,NA,96,NA
11,"Blackshaw, 1994",49.693913,-112.841842,RM,6,NT,herbicides,single species,N,N,W,sR-W,2,2,5,NA,NA,39,NA
11,"Blackshaw, 1994",49.693913,-112.841842,RM,6,NT,herbicides,single species,N,N,W,sR-W,2,2,6,NA,NA,61,NA
11,"Blackshaw, 1994",49.693913,-112.841842,RM,6,tilled,herbicides,single species,N,N,W,F-W,2,1,1,NA,NA,21,NA
11,"Blackshaw, 1994",49.693913,-112.841842,RM,6,tilled,herbicides,single species,N,N,W,F-W,2,1,2,NA,NA,12,NA
11,"Blackshaw, 1994",49.693913,-112.841842,RM,6,tilled,herbicides,single species,N,N,W,F-W,2,1,3,NA,NA,15,NA
11,"Blackshaw, 1994",49.693913,-112.841842,RM,6,tilled,herbicides,single species,N,N,W,F-W,2,1,4,NA,NA,23,NA
11,"Blackshaw, 1994",49.693913,-112.841842,RM,6,tilled,herbicides,single species,N,N,W,F-W,2,1,5,NA,NA,46,NA
11,"Blackshaw, 1994",49.693913,-112.841842,RM,6,tilled,herbicides,single species,N,N,W,F-W,2,1,6,NA,NA,29,NA
11,"Blackshaw, 1994",49.693913,-112.841842,RM,6,tilled,herbicides,single species,N,N,W,W,1,1,1,NA,NA,34,NA
11,"Blackshaw, 1994",49.693913,-112.841842,RM,6,tilled,herbicides,single species,N,N,W,W,1,1,2,NA,NA,63,NA
11,"Blackshaw, 1994",49.693913,-112.841842,RM,6,tilled,herbicides,single species,N,N,W,W,1,1,3,NA,NA,182,NA
11,"Blackshaw, 1994",49.693913,-112.841842,RM,6,tilled,herbicides,single species,N,N,W,W,1,1,4,NA,NA,200,NA
11,"Blackshaw, 1994",49.693913,-112.841842,RM,6,tilled,herbicides,single species,N,N,W,W,1,1,5,NA,NA,829,NA
11,"Blackshaw, 1994",49.693913,-112.841842,RM,6,tilled,herbicides,single species,N,N,W,W,1,1,6,NA,NA,561,NA
11,"Blackshaw, 1994",49.693913,-112.841842,RM,6,tilled,herbicides,single species,N,N,W,sR-W,2,2,1,NA,NA,28,NA
11,"Blackshaw, 1994",49.693913,-112.841842,RM,6,tilled,herbicides,single species,N,N,W,sR-W,2,2,2,NA,NA,21,NA
11,"Blackshaw, 1994",49.693913,-112.841842,RM,6,tilled,herbicides,single species,N,N,W,sR-W,2,2,3,NA,NA,44,NA
11,"Blackshaw, 1994",49.693913,-112.841842,RM,6,tilled,herbicides,single species,N,N,W,sR-W,2,2,4,NA,NA,59,NA
11,"Blackshaw, 1994",49.693913,-112.841842,RM,6,tilled,herbicides,single species,N,N,W,sR-W,2,2,5,NA,NA,22,NA
11,"Blackshaw, 1994",49.693913,-112.841842,RM,6,tilled,herbicides,single species,N,N,W,sR-W,2,2,6,NA,NA,10,NA
12,"Buhler et al., 1994",42.936668,-92.568509,RM,3,NT,herbicides,community,N,N,M,M,1,1,1,NA,NA,344,NA
12,"Buhler et al., 1994",42.936668,-92.568509,RM,3,NT,herbicides,community,N,N,M,M,1,1,10,NA,NA,826,NA
12,"Buhler et al., 1994",42.936668,-92.568509,RM,3,NT,herbicides,community,N,N,M,Sb-M,2,2,1,NA,NA,273,NA
12,"Buhler et al., 1994",42.936668,-92.568509,RM,3,NT,herbicides,community,N,N,M,Sb-M,2,2,10,NA,NA,284.5,NA
12,"Buhler et al., 1994",42.936668,-92.568509,RM,3,tilled,herbicides,community,N,N,M,M,1,1,1,NA,NA,103.5,NA
12,"Buhler et al., 1994",42.936668,-92.568509,RM,3,tilled,herbicides,community,N,N,M,M,1,1,10,NA,NA,288,NA
12,"Buhler et al., 1994",42.936668,-92.568509,RM,3,tilled,herbicides,community,N,N,M,Sb-M,2,2,1,NA,NA,212,NA
12,"Buhler et al., 1994",42.936668,-92.568509,RM,3,tilled,herbicides,community,N,N,M,Sb-M,2,2,10,NA,NA,438,NA
13,"Cathcart et al., 2006",51.045435,-113.396043,LAST,3,tilled,herbicides,community,N,N,sR,sR,1,1,4,NA,NA,260,NA
13,"Cathcart et al., 2006",51.045435,-113.396043,LAST,3,tilled,herbicides,community,N,N,sR,sR-sR-sW-sW-sR,4,2,4,NA,NA,196,NA
13,"Cathcart et al., 2006",51.045435,-113.396043,LAST,3,tilled,herbicides,community,N,N,sR,sR-sW-sR-sW-sR,2,2,4,NA,NA,168,NA
13,"Cathcart et al., 2006",51.045435,-113.396043,LAST,3,tilled,herbicides,community,N,N,sR,sR-sW-sW-sW-sR,4,2,4,NA,NA,224,NA
14,"Chikoye et al., 2008",7.379954,3.939541,RM,4,tilled,herbicides,community,N,N,M,M,1,1,3,162,NA,183,NA
14,"Chikoye et al., 2008",11.086974,7.720288,RM,4,tilled,herbicides,community,N,N,M,M,1,1,3,124,NA,214,NA
14,"Chikoye et al., 2008",7.379954,3.939541,RM,4,tilled,herbicides,community,N,N,M,M,1,1,6,175,NA,197,NA
14,"Chikoye et al., 2008",11.086974,7.720288,RM,4,tilled,herbicides,community,N,N,M,M,1,1,6,145,NA,243,NA
14,"Chikoye et al., 2008",7.379954,3.939541,RM,4,tilled,herbicides,community,N,N,M,Sb-Sb-M,3,2,3,154,NA,182,NA
14,"Chikoye et al., 2008",11.086974,7.720288,RM,4,tilled,herbicides,community,N,N,M,Sb-Sb-M,3,2,3,112,NA,147,NA
14,"Chikoye et al., 2008",7.379954,3.939541,RM,4,tilled,herbicides,community,N,N,M,Sb-Sb-M,3,2,6,146,NA,170,NA
14,"Chikoye et al., 2008",11.086974,7.720288,RM,4,tilled,herbicides,community,N,N,M,Sb-Sb-M,3,2,6,64,NA,212,NA
14,"Chikoye et al., 2008",7.379954,3.939541,RM,4,tilled,herbicides,community,N,N,M,Cp/Sb-Cp/Sb-M,3,3,3,150,NA,181,NA
14,"Chikoye et al., 2008",11.086974,7.720288,RM,4,tilled,herbicides,community,N,N,M,Cp/Sb-Cp/Sb-M,3,3,3,90,NA,149,NA
14,"Chikoye et al., 2008",7.379954,3.939541,RM,4,tilled,herbicides,community,N,N,M,Cp/Sb-Cp/Sb-M,3,3,6,175,NA,196,NA
14,"Chikoye et al., 2008",11.086974,7.720288,RM,4,tilled,herbicides,community,N,N,M,Cp/Sb-Cp/Sb-M,3,3,6,81,NA,213,NA
14,"Chikoye et al., 2008",7.379954,3.939541,RM,4,tilled,herbicides,community,N,N,M,Flm-Flm-M,3,3,3,72,NA,120,NA
14,"Chikoye et al., 2008",11.086974,7.720288,RM,4,tilled,herbicides,community,N,N,M,Flm-Flm-M,3,3,3,100,NA,166,NA
14,"Chikoye et al., 2008",7.379954,3.939541,RM,4,tilled,herbicides,community,N,N,M,Flm-Flm-M,3,3,6,60,NA,86,NA
14,"Chikoye et al., 2008",11.086974,7.720288,RM,4,tilled,herbicides,community,N,N,M,Flm-Flm-M,3,3,6,56,NA,126,NA
15,"Clay et al., 1998",44.311964,-96.79755,RM,3,tilled,herbicides,community,N,N,M,M,1,1,4,NA,NA,121.5,NA
15,"Clay et al., 1998",44.311964,-96.79755,RM,3,tilled,herbicides,community,N,N,M,M,1,1,5,NA,NA,190.5,NA
15,"Clay et al., 1998",44.311964,-96.79755,RM,3,tilled,herbicides,community,Y,N,M,sW/A-A-M,3,3,4,NA,NA,143.5,NA
15,"Clay et al., 1998",44.311964,-96.79755,RM,3,tilled,herbicides,community,Y,N,M,sW/A-A-M,3,3,5,NA,NA,158,NA
15,"Clay et al., 1998",44.311964,-96.79755,RM,3,tilled,none,community,N,N,M,M,1,1,4,NA,NA,3521,NA
15,"Clay et al., 1998",44.311964,-96.79755,RM,3,tilled,none,community,N,N,M,M,1,1,5,NA,NA,4486,NA
15,"Clay et al., 1998",44.311964,-96.79755,RM,3,tilled,none,community,Y,N,M,sW/A-A-M,3,3,4,NA,NA,333,NA
15,"Clay et al., 1998",44.311964,-96.79755,RM,3,tilled,none,community,Y,N,M,sW/A-A-M,3,3,5,NA,NA,447,NA
16,"Covarelli and Tei, 1988",42.959514,12.345268,LAST,3,tilled,none,community,N,N,M,M,1,1,6,NA,NA,422,NA
16,"Covarelli and Tei, 1988",42.959514,12.345268,LAST,3,tilled,none,community,N,N,M,W-W-M,2.5,2,6,NA,NA,265,NA
17,"Daugovish et al., 1999",41.232456,-103.019734,RM,4,tilled,herbicides,community,N,Y,W,F-W,2,1,1,NA,NA,18.58,NA
17,"Daugovish et al., 1999",41.232456,-103.019734,RM,4,tilled,herbicides,community,N,Y,W,F-W,2,1,2,NA,NA,3.0733333333333333,NA
17,"Daugovish et al., 1999",41.232456,-103.019734,RM,4,tilled,herbicides,community,N,N,W,Mi-F-W,3,3,1,NA,NA,0,NA
17,"Daugovish et al., 1999",41.232456,-103.019734,RM,4,tilled,herbicides,community,N,N,W,Mi-F-W,3,3,2,NA,NA,0.16,NA
17,"Daugovish et al., 1999",41.232456,-103.019734,RM,4,tilled,herbicides,community,N,N,W,Su-F-W,3,3,1,NA,NA,0,NA
17,"Daugovish et al., 1999",41.232456,-103.019734,RM,4,tilled,herbicides,community,N,N,W,Su-F-W,3,3,2,NA,NA,0.4,NA
18,"Davis et al., 2009",39.034491,-85.512745,RM,5,NT,herbicides,single species,N,N,Sb,Sb,1,1,3,NA,NA,1.25,NA
18,"Davis et al., 2009",39.034491,-85.512745,RM,5,NT,herbicides,single species,N,N,Sb,Sb,1,1,4,NA,NA,15.45,NA
18,"Davis et al., 2009",39.034491,-85.512745,RM,5,NT,herbicides,single species,N,N,Sb,M-Sb,2,2,3,NA,NA,0.8500000000000001,NA
18,"Davis et al., 2009",39.034491,-85.512745,RM,5,NT,herbicides,single species,N,N,Sb,M-Sb,2,2,4,NA,NA,5.7,NA
19,"Demjanová et al., 2009",48.307092,18.093093,AVG,4,IC,herb/mech,community,N,N,M,M,1,1,3.5,NA,NA,38.5,NA
19,"Demjanová et al., 2009",48.307092,18.093093,AVG,4,IC,herb/mech,community,N,N,M,sB-M,2,2,3.5,NA,NA,28.6,NA
19,"Demjanová et al., 2009",48.307092,18.093093,AVG,4,IC,herb/mech,community,N,N,M,Fp-W-M,3,3,3.5,NA,NA,25.8,NA
19,"Demjanová et al., 2009",48.307092,18.093093,AVG,4,IC,herb/mech,community,N,N,M,sB-Fp-W-M,4,4,3.5,NA,NA,30.2,NA
19,"Demjanová et al., 2009",48.307092,18.093093,AVG,4,tilled,herb/mech,community,N,N,M,M,1,1,3.5,104.56666666666666,NA,NA,NA
19,"Demjanová et al., 2009",48.307092,18.093093,AVG,4,tilled,herb/mech,community,N,N,M,sB-M,2,2,3.5,155.3,NA,NA,NA
19,"Demjanová et al., 2009",48.307092,18.093093,AVG,4,tilled,herb/mech,community,N,N,M,Fp-W-M,3,3,3.5,119.16666666666666,NA,NA,NA
19,"Demjanová et al., 2009",48.307092,18.093093,AVG,4,tilled,herb/mech,community,N,N,M,sB-Fp-W-M,4,4,3.5,154.26666666666665,NA,NA,NA
20,"Doucet et al., 1999",42.229839,-82.842511,LAST,3,tilled,herbicides,community,N,N,M,M,1,1,10,NA,NA,87.3,86.4
20,"Doucet et al., 1999",42.229839,-82.842511,LAST,3,tilled,herbicides,community,N,N,Sb,Sb,1,1,10,NA,NA,64.4,63
20,"Doucet et al., 1999",42.229839,-82.842511,LAST,3,tilled,herbicides,community,N,N,W,W,1,1,10,NA,NA,25.5,23.6
20,"Doucet et al., 1999",42.229839,-82.842511,LAST,3,tilled,herbicides,community,N,N,Sb,M-Sb,2,2,10,NA,NA,89.85,90.55000000000001
20,"Doucet et al., 1999",42.229839,-82.842511,LAST,3,tilled,herbicides,community,N,N,M,Sb-M,2,2,10,NA,NA,89.85,90.55000000000001
20,"Doucet et al., 1999",42.229839,-82.842511,LAST,3,tilled,herbicides,community,N,N,W,Sb-W,2,2,10,NA,NA,40.05,39.400000000000006
20,"Doucet et al., 1999",42.229839,-82.842511,LAST,3,tilled,herbicides,community,N,N,Sb,W-Sb,2,2,10,NA,NA,40.05,39.400000000000006
20,"Doucet et al., 1999",42.229839,-82.842511,LAST,3,tilled,herbicides,community,N,N,W,M-Sb-W,3,3,10,NA,NA,93.03333333333333,86.63333333333334
20,"Doucet et al., 1999",42.229839,-82.842511,LAST,3,tilled,herbicides,community,N,N,M,Sb-W-M,3,3,10,NA,NA,93.03333333333333,86.63333333333334
20,"Doucet et al., 1999",42.229839,-82.842511,LAST,3,tilled,herbicides,community,N,N,Sb,W-M-Sb,3,3,10,NA,NA,93.03333333333333,86.63333333333334
20,"Doucet et al., 1999",42.229839,-82.842511,RM,3,tilled,herbicides,community,N,N,M,M,1,1,3,NA,NA,19.7,NA
20,"Doucet et al., 1999",42.229839,-82.842511,RM,3,tilled,herbicides,community,N,N,M,M,1,1,4,NA,NA,33.8,NA
20,"Doucet et al., 1999",42.229839,-82.842511,RM,3,tilled,herbicides,community,N,N,M,M,1,1,5,NA,NA,75,NA
20,"Doucet et al., 1999",42.229839,-82.842511,RM,3,tilled,herbicides,community,N,N,M,M,1,1,6,NA,NA,129.7,NA
20,"Doucet et al., 1999",42.229839,-82.842511,RM,3,tilled,herbicides,community,N,N,M,M,1,1,7,NA,NA,40.3,NA
20,"Doucet et al., 1999",42.229839,-82.842511,RM,3,tilled,herbicides,community,N,N,M,M,1,1,8,NA,NA,96.2,NA
20,"Doucet et al., 1999",42.229839,-82.842511,RM,3,tilled,herbicides,community,N,N,M,M,1,1,9,NA,NA,167,NA
20,"Doucet et al., 1999",42.229839,-82.842511,RM,3,tilled,herbicides,community,N,N,M,M,1,1,10,NA,NA,32,NA
20,"Doucet et al., 1999",42.229839,-82.842511,RM,3,tilled,herbicides,community,N,N,Sb,Sb,1,1,3,NA,NA,13.5,NA
20,"Doucet et al., 1999",42.229839,-82.842511,RM,3,tilled,herbicides,community,N,N,Sb,Sb,1,1,4,NA,NA,8.8,NA
20,"Doucet et al., 1999",42.229839,-82.842511,RM,3,tilled,herbicides,community,N,N,Sb,Sb,1,1,5,NA,NA,1,NA
20,"Doucet et al., 1999",42.229839,-82.842511,RM,3,tilled,herbicides,community,N,N,Sb,Sb,1,1,6,NA,NA,5.4,NA
20,"Doucet et al., 1999",42.229839,-82.842511,RM,3,tilled,herbicides,community,N,N,Sb,Sb,1,1,7,NA,NA,41.1,NA
20,"Doucet et al., 1999",42.229839,-82.842511,RM,3,tilled,herbicides,community,N,N,Sb,Sb,1,1,8,NA,NA,3.3,NA
20,"Doucet et al., 1999",42.229839,-82.842511,RM,3,tilled,herbicides,community,N,N,Sb,Sb,1,1,9,NA,NA,26.8,NA
20,"Doucet et al., 1999",42.229839,-82.842511,RM,3,tilled,herbicides,community,N,N,Sb,Sb,1,1,10,NA,NA,15.9,NA
20,"Doucet et al., 1999",42.229839,-82.842511,RM,3,tilled,herbicides,community,N,N,W,W,1,1,3,NA,NA,209.8,NA
20,"Doucet et al., 1999",42.229839,-82.842511,RM,3,tilled,herbicides,community,N,N,W,W,1,1,4,NA,NA,728.1,NA
20,"Doucet et al., 1999",42.229839,-82.842511,RM,3,tilled,herbicides,community,N,N,W,W,1,1,5,NA,NA,831.4,NA
20,"Doucet et al., 1999",42.229839,-82.842511,RM,3,tilled,herbicides,community,N,N,W,W,1,1,6,NA,NA,449.7,NA
20,"Doucet et al., 1999",42.229839,-82.842511,RM,3,tilled,herbicides,community,N,N,W,W,1,1,7,NA,NA,26,NA
20,"Doucet et al., 1999",42.229839,-82.842511,RM,3,tilled,herbicides,community,N,N,W,W,1,1,8,NA,NA,525.6,NA
20,"Doucet et al., 1999",42.229839,-82.842511,RM,3,tilled,herbicides,community,N,N,W,W,1,1,9,NA,NA,260.5,NA
20,"Doucet et al., 1999",42.229839,-82.842511,RM,3,tilled,herbicides,community,N,N,W,W,1,1,10,NA,NA,727.5,NA
20,"Doucet et al., 1999",42.229839,-82.842511,RM,3,tilled,herbicides,community,N,N,Sb,M-Sb,2,2,3,NA,NA,51.4,NA
20,"Doucet et al., 1999",42.229839,-82.842511,RM,3,tilled,herbicides,community,N,N,Sb,M-Sb,2,2,4,NA,NA,33.3,NA
20,"Doucet et al., 1999",42.229839,-82.842511,RM,3,tilled,herbicides,community,N,N,Sb,M-Sb,2,2,5,NA,NA,1,NA
20,"Doucet et al., 1999",42.229839,-82.842511,RM,3,tilled,herbicides,community,N,N,Sb,M-Sb,2,2,6,NA,NA,61.8,NA
20,"Doucet et al., 1999",42.229839,-82.842511,RM,3,tilled,herbicides,community,N,N,Sb,M-Sb,2,2,7,NA,NA,97.5,NA
20,"Doucet et al., 1999",42.229839,-82.842511,RM,3,tilled,herbicides,community,N,N,Sb,M-Sb,2,2,8,NA,NA,20.5,NA
20,"Doucet et al., 1999",42.229839,-82.842511,RM,3,tilled,herbicides,community,N,N,Sb,M-Sb,2,2,9,NA,NA,21.9,NA
20,"Doucet et al., 1999",42.229839,-82.842511,RM,3,tilled,herbicides,community,N,N,Sb,M-Sb,2,2,10,NA,NA,38,NA
20,"Doucet et al., 1999",42.229839,-82.842511,RM,3,tilled,herbicides,community,N,N,M,Sb-M,2,2,3,NA,NA,6.2,NA
20,"Doucet et al., 1999",42.229839,-82.842511,RM,3,tilled,herbicides,community,N,N,M,Sb-M,2,2,4,NA,NA,41.2,NA
20,"Doucet et al., 1999",42.229839,-82.842511,RM,3,tilled,herbicides,community,N,N,M,Sb-M,2,2,5,NA,NA,8.5,NA
20,"Doucet et al., 1999",42.229839,-82.842511,RM,3,tilled,herbicides,community,N,N,M,Sb-M,2,2,6,NA,NA,81.6,NA
20,"Doucet et al., 1999",42.229839,-82.842511,RM,3,tilled,herbicides,community,N,N,M,Sb-M,2,2,7,NA,NA,25.5,NA
20,"Doucet et al., 1999",42.229839,-82.842511,RM,3,tilled,herbicides,community,N,N,M,Sb-M,2,2,8,NA,NA,47,NA
20,"Doucet et al., 1999",42.229839,-82.842511,RM,3,tilled,herbicides,community,N,N,M,Sb-M,2,2,9,NA,NA,110.3,NA
20,"Doucet et al., 1999",42.229839,-82.842511,RM,3,tilled,herbicides,community,N,N,M,Sb-M,2,2,10,NA,NA,18.5,NA
20,"Doucet et al., 1999",42.229839,-82.842511,RM,3,tilled,herbicides,community,N,N,W,Sb-W,2,2,3,NA,NA,181.9,NA
20,"Doucet et al., 1999",42.229839,-82.842511,RM,3,tilled,herbicides,community,N,N,W,Sb-W,2,2,4,NA,NA,401.7,NA
20,"Doucet et al., 1999",42.229839,-82.842511,RM,3,tilled,herbicides,community,N,N,W,Sb-W,2,2,5,NA,NA,318.4,NA
20,"Doucet et al., 1999",42.229839,-82.842511,RM,3,tilled,herbicides,community,N,N,W,Sb-W,2,2,6,NA,NA,146.6,NA
20,"Doucet et al., 1999",42.229839,-82.842511,RM,3,tilled,herbicides,community,N,N,W,Sb-W,2,2,7,NA,NA,7.3,NA
20,"Doucet et al., 1999",42.229839,-82.842511,RM,3,tilled,herbicides,community,N,N,W,Sb-W,2,2,8,NA,NA,371.7,NA
20,"Doucet et al., 1999",42.229839,-82.842511,RM,3,tilled,herbicides,community,N,N,W,Sb-W,2,2,9,NA,NA,46,NA
20,"Doucet et al., 1999",42.229839,-82.842511,RM,3,tilled,herbicides,community,N,N,W,Sb-W,2,2,10,NA,NA,569,NA
20,"Doucet et al., 1999",42.229839,-82.842511,RM,3,tilled,herbicides,community,N,N,W,M-Sb-W,3,3,3,NA,NA,265.8,NA
20,"Doucet et al., 1999",42.229839,-82.842511,RM,3,tilled,herbicides,community,N,N,W,M-Sb-W,3,3,4,NA,NA,173.2,NA
20,"Doucet et al., 1999",42.229839,-82.842511,RM,3,tilled,herbicides,community,N,N,W,M-Sb-W,3,3,5,NA,NA,285.8,NA
20,"Doucet et al., 1999",42.229839,-82.842511,RM,3,tilled,herbicides,community,N,N,W,M-Sb-W,3,3,6,NA,NA,62.6,NA
20,"Doucet et al., 1999",42.229839,-82.842511,RM,3,tilled,herbicides,community,N,N,W,M-Sb-W,3,3,7,NA,NA,2.7,NA
20,"Doucet et al., 1999",42.229839,-82.842511,RM,3,tilled,herbicides,community,N,N,W,M-Sb-W,3,3,8,NA,NA,404.4,NA
20,"Doucet et al., 1999",42.229839,-82.842511,RM,3,tilled,herbicides,community,N,N,W,M-Sb-W,3,3,9,NA,NA,4,NA
20,"Doucet et al., 1999",42.229839,-82.842511,RM,3,tilled,herbicides,community,N,N,W,M-Sb-W,3,3,10,NA,NA,354.4,NA
20,"Doucet et al., 1999",42.229839,-82.842511,RM,3,tilled,herbicides,community,N,N,M,Sb-W-M,3,3,3,NA,NA,27.1,NA
20,"Doucet et al., 1999",42.229839,-82.842511,RM,3,tilled,herbicides,community,N,N,M,Sb-W-M,3,3,4,NA,NA,43.6,NA
20,"Doucet et al., 1999",42.229839,-82.842511,RM,3,tilled,herbicides,community,N,N,M,Sb-W-M,3,3,5,NA,NA,34.3,NA
20,"Doucet et al., 1999",42.229839,-82.842511,RM,3,tilled,herbicides,community,N,N,M,Sb-W-M,3,3,6,NA,NA,65.6,NA
20,"Doucet et al., 1999",42.229839,-82.842511,RM,3,tilled,herbicides,community,N,N,M,Sb-W-M,3,3,7,NA,NA,46.4,NA
20,"Doucet et al., 1999",42.229839,-82.842511,RM,3,tilled,herbicides,community,N,N,M,Sb-W-M,3,3,8,NA,NA,202.2,NA
20,"Doucet et al., 1999",42.229839,-82.842511,RM,3,tilled,herbicides,community,N,N,M,Sb-W-M,3,3,9,NA,NA,95.5,NA
20,"Doucet et al., 1999",42.229839,-82.842511,RM,3,tilled,herbicides,community,N,N,M,Sb-W-M,3,3,10,NA,NA,96.1,NA
20,"Doucet et al., 1999",42.229839,-82.842511,RM,3,tilled,herbicides,community,N,N,Sb,W-M-Sb,3,3,3,NA,NA,61.2,NA
20,"Doucet et al., 1999",42.229839,-82.842511,RM,3,tilled,herbicides,community,N,N,Sb,W-M-Sb,3,3,4,NA,NA,11.2,NA
20,"Doucet et al., 1999",42.229839,-82.842511,RM,3,tilled,herbicides,community,N,N,Sb,W-M-Sb,3,3,5,NA,NA,1,NA
20,"Doucet et al., 1999",42.229839,-82.842511,RM,3,tilled,herbicides,community,N,N,Sb,W-M-Sb,3,3,6,NA,NA,88.8,NA
20,"Doucet et al., 1999",42.229839,-82.842511,RM,3,tilled,herbicides,community,N,N,Sb,W-M-Sb,3,3,7,NA,NA,102.4,NA
20,"Doucet et al., 1999",42.229839,-82.842511,RM,3,tilled,herbicides,community,N,N,Sb,W-M-Sb,3,3,8,NA,NA,16.8,NA
20,"Doucet et al., 1999",42.229839,-82.842511,RM,3,tilled,herbicides,community,N,N,Sb,W-M-Sb,3,3,9,NA,NA,80.7,NA
20,"Doucet et al., 1999",42.229839,-82.842511,RM,3,tilled,herbicides,community,N,N,Sb,W-M-Sb,3,3,10,NA,NA,22.1,NA
20,"Doucet et al., 1999",42.229839,-82.842511,LAST,3,tilled,mechanical,community,N,N,M,M,1,1,10,NA,NA,363.3,39.7
20,"Doucet et al., 1999",42.229839,-82.842511,LAST,3,tilled,mechanical,community,N,N,Sb,Sb,1,1,10,NA,NA,113.1,31.5
20,"Doucet et al., 1999",42.229839,-82.842511,LAST,3,tilled,mechanical,community,N,N,W,W,1,1,10,NA,NA,193.3,39.3
20,"Doucet et al., 1999",42.229839,-82.842511,LAST,3,tilled,mechanical,community,N,N,Sb,M-Sb,2,2,10,NA,NA,444.55,27.450000000000003
20,"Doucet et al., 1999",42.229839,-82.842511,LAST,3,tilled,mechanical,community,N,N,M,Sb-M,2,2,10,NA,NA,250.55,47.25
20,"Doucet et al., 1999",42.229839,-82.842511,LAST,3,tilled,mechanical,community,N,N,W,Sb-W,2,2,10,NA,NA,422.70000000000005,70.85
20,"Doucet et al., 1999",42.229839,-82.842511,LAST,3,tilled,mechanical,community,N,N,Sb,W-Sb,2,2,10,NA,NA,422.70000000000005,70.85
20,"Doucet et al., 1999",42.229839,-82.842511,LAST,3,tilled,mechanical,community,N,N,W,M-Sb-W,3,3,10,NA,NA,325.46666666666664,233.56666666666666
20,"Doucet et al., 1999",42.229839,-82.842511,LAST,3,tilled,mechanical,community,N,N,M,Sb-W-M,3,3,10,NA,NA,288.46666666666664,281.1333333333333
20,"Doucet et al., 1999",42.229839,-82.842511,LAST,3,tilled,mechanical,community,N,N,Sb,W-M-Sb,3,3,10,NA,NA,325.46666666666664,233.56666666666666
20,"Doucet et al., 1999",42.229839,-82.842511,LAST,3,tilled,none,community,N,N,M,M,1,1,10,NA,NA,875.5,101.8
20,"Doucet et al., 1999",42.229839,-82.842511,LAST,3,tilled,none,community,N,N,Sb,Sb,1,1,10,NA,NA,470,31.4
20,"Doucet et al., 1999",42.229839,-82.842511,LAST,3,tilled,none,community,N,N,W,W,1,1,10,NA,NA,392.7,23.5
20,"Doucet et al., 1999",42.229839,-82.842511,LAST,3,tilled,none,community,N,N,Sb,M-Sb,2,2,10,NA,NA,690.7,93.75
20,"Doucet et al., 1999",42.229839,-82.842511,LAST,3,tilled,none,community,N,N,M,Sb-M,2,2,10,NA,NA,690.7,93.75
20,"Doucet et al., 1999",42.229839,-82.842511,LAST,3,tilled,none,community,N,N,W,Sb-W,2,2,10,NA,NA,551.5,50.7
20,"Doucet et al., 1999",42.229839,-82.842511,LAST,3,tilled,none,community,N,N,Sb,W-Sb,2,2,10,NA,NA,551.5,50.7
20,"Doucet et al., 1999",42.229839,-82.842511,LAST,3,tilled,none,community,N,N,W,M-Sb-W,3,3,10,NA,NA,610.5333333333333,39.06666666666666
20,"Doucet et al., 1999",42.229839,-82.842511,LAST,3,tilled,none,community,N,N,M,Sb-W-M,3,3,10,NA,NA,610.5333333333333,39.06666666666666
20,"Doucet et al., 1999",42.229839,-82.842511,LAST,3,tilled,none,community,N,N,Sb,W-M-Sb,3,3,10,NA,NA,610.5333333333333,39.06666666666666
20,"Doucet et al., 1999",42.229839,-82.842511,RM,3,tilled,none,community,N,N,M,M,1,1,3,NA,NA,459.4,NA
20,"Doucet et al., 1999",42.229839,-82.842511,RM,3,tilled,none,community,N,N,M,M,1,1,4,NA,NA,226.2,NA
20,"Doucet et al., 1999",42.229839,-82.842511,RM,3,tilled,none,community,N,N,M,M,1,1,5,NA,NA,998.4,NA
20,"Doucet et al., 1999",42.229839,-82.842511,RM,3,tilled,none,community,N,N,M,M,1,1,6,NA,NA,386.6,NA
20,"Doucet et al., 1999",42.229839,-82.842511,RM,3,tilled,none,community,N,N,M,M,1,1,7,NA,NA,240.3,NA
20,"Doucet et al., 1999",42.229839,-82.842511,RM,3,tilled,none,community,N,N,M,M,1,1,8,NA,NA,869.8,NA
20,"Doucet et al., 1999",42.229839,-82.842511,RM,3,tilled,none,community,N,N,M,M,1,1,9,NA,NA,810.4,NA
20,"Doucet et al., 1999",42.229839,-82.842511,RM,3,tilled,none,community,N,N,M,M,1,1,10,NA,NA,1458.6,NA
20,"Doucet et al., 1999",42.229839,-82.842511,RM,3,tilled,none,community,N,N,Sb,Sb,1,1,3,NA,NA,111,NA
20,"Doucet et al., 1999",42.229839,-82.842511,RM,3,tilled,none,community,N,N,Sb,Sb,1,1,4,NA,NA,310.1,NA
20,"Doucet et al., 1999",42.229839,-82.842511,RM,3,tilled,none,community,N,N,Sb,Sb,1,1,5,NA,NA,348.9,NA
20,"Doucet et al., 1999",42.229839,-82.842511,RM,3,tilled,none,community,N,N,Sb,Sb,1,1,6,NA,NA,387.7,NA
20,"Doucet et al., 1999",42.229839,-82.842511,RM,3,tilled,none,community,N,N,Sb,Sb,1,1,7,NA,NA,321.6,NA
20,"Doucet et al., 1999",42.229839,-82.842511,RM,3,tilled,none,community,N,N,Sb,Sb,1,1,8,NA,NA,329.5,NA
20,"Doucet et al., 1999",42.229839,-82.842511,RM,3,tilled,none,community,N,N,Sb,Sb,1,1,9,NA,NA,590.3,NA
20,"Doucet et al., 1999",42.229839,-82.842511,RM,3,tilled,none,community,N,N,Sb,Sb,1,1,10,NA,NA,191.2,NA
20,"Doucet et al., 1999",42.229839,-82.842511,RM,3,tilled,none,community,N,N,W,W,1,1,3,NA,NA,604.8,NA
20,"Doucet et al., 1999",42.229839,-82.842511,RM,3,tilled,none,community,N,N,W,W,1,1,4,NA,NA,495.8,NA
20,"Doucet et al., 1999",42.229839,-82.842511,RM,3,tilled,none,community,N,N,W,W,1,1,5,NA,NA,588.4,NA
20,"Doucet et al., 1999",42.229839,-82.842511,RM,3,tilled,none,community,N,N,W,W,1,1,6,NA,NA,479.3,NA
20,"Doucet et al., 1999",42.229839,-82.842511,RM,3,tilled,none,community,N,N,W,W,1,1,7,NA,NA,110.9,NA
20,"Doucet et al., 1999",42.229839,-82.842511,RM,3,tilled,none,community,N,N,W,W,1,1,8,NA,NA,837.1,NA
20,"Doucet et al., 1999",42.229839,-82.842511,RM,3,tilled,none,community,N,N,W,W,1,1,9,NA,NA,497.8,NA
20,"Doucet et al., 1999",42.229839,-82.842511,RM,3,tilled,none,community,N,N,W,W,1,1,10,NA,NA,604.7,NA
20,"Doucet et al., 1999",42.229839,-82.842511,RM,3,tilled,none,community,N,N,Sb,M-Sb,2,2,3,NA,NA,154.2,NA
20,"Doucet et al., 1999",42.229839,-82.842511,RM,3,tilled,none,community,N,N,Sb,M-Sb,2,2,4,NA,NA,365.7,NA
20,"Doucet et al., 1999",42.229839,-82.842511,RM,3,tilled,none,community,N,N,Sb,M-Sb,2,2,5,NA,NA,281.1,NA
20,"Doucet et al., 1999",42.229839,-82.842511,RM,3,tilled,none,community,N,N,Sb,M-Sb,2,2,6,NA,NA,498.7,NA
20,"Doucet et al., 1999",42.229839,-82.842511,RM,3,tilled,none,community,N,N,Sb,M-Sb,2,2,7,NA,NA,346.3,NA
20,"Doucet et al., 1999",42.229839,-82.842511,RM,3,tilled,none,community,N,N,Sb,M-Sb,2,2,8,NA,NA,434.3,NA
20,"Doucet et al., 1999",42.229839,-82.842511,RM,3,tilled,none,community,N,N,Sb,M-Sb,2,2,9,NA,NA,571.8,NA
20,"Doucet et al., 1999",42.229839,-82.842511,RM,3,tilled,none,community,N,N,Sb,M-Sb,2,2,10,NA,NA,172.7,NA
20,"Doucet et al., 1999",42.229839,-82.842511,RM,3,tilled,none,community,N,N,M,Sb-M,2,2,3,NA,NA,322.8,NA
20,"Doucet et al., 1999",42.229839,-82.842511,RM,3,tilled,none,community,N,N,M,Sb-M,2,2,4,NA,NA,170.3,NA
20,"Doucet et al., 1999",42.229839,-82.842511,RM,3,tilled,none,community,N,N,M,Sb-M,2,2,5,NA,NA,657.1,NA
20,"Doucet et al., 1999",42.229839,-82.842511,RM,3,tilled,none,community,N,N,M,Sb-M,2,2,6,NA,NA,318.3,NA
20,"Doucet et al., 1999",42.229839,-82.842511,RM,3,tilled,none,community,N,N,M,Sb-M,2,2,7,NA,NA,283.8,NA
20,"Doucet et al., 1999",42.229839,-82.842511,RM,3,tilled,none,community,N,N,M,Sb-M,2,2,8,NA,NA,565.7,NA
20,"Doucet et al., 1999",42.229839,-82.842511,RM,3,tilled,none,community,N,N,M,Sb-M,2,2,9,NA,NA,400.7,NA
20,"Doucet et al., 1999",42.229839,-82.842511,RM,3,tilled,none,community,N,N,M,Sb-M,2,2,10,NA,NA,986.9,NA
20,"Doucet et al., 1999",42.229839,-82.842511,RM,3,tilled,none,community,N,N,W,Sb-W,2,2,3,NA,NA,590.3,NA
20,"Doucet et al., 1999",42.229839,-82.842511,RM,3,tilled,none,community,N,N,W,Sb-W,2,2,4,NA,NA,380.6,NA
20,"Doucet et al., 1999",42.229839,-82.842511,RM,3,tilled,none,community,N,N,W,Sb-W,2,2,5,NA,NA,645.9,NA
20,"Doucet et al., 1999",42.229839,-82.842511,RM,3,tilled,none,community,N,N,W,Sb-W,2,2,6,NA,NA,594.5,NA
20,"Doucet et al., 1999",42.229839,-82.842511,RM,3,tilled,none,community,N,N,W,Sb-W,2,2,7,NA,NA,226.3,NA
20,"Doucet et al., 1999",42.229839,-82.842511,RM,3,tilled,none,community,N,N,W,Sb-W,2,2,8,NA,NA,1010.2,NA
20,"Doucet et al., 1999",42.229839,-82.842511,RM,3,tilled,none,community,N,N,W,Sb-W,2,2,9,NA,NA,872.2,NA
20,"Doucet et al., 1999",42.229839,-82.842511,RM,3,tilled,none,community,N,N,W,Sb-W,2,2,10,NA,NA,720,NA
20,"Doucet et al., 1999",42.229839,-82.842511,RM,3,tilled,none,community,N,N,W,M-Sb-W,3,3,3,NA,NA,863.9,NA
20,"Doucet et al., 1999",42.229839,-82.842511,RM,3,tilled,none,community,N,N,W,M-Sb-W,3,3,4,NA,NA,423.7,NA
20,"Doucet et al., 1999",42.229839,-82.842511,RM,3,tilled,none,community,N,N,W,M-Sb-W,3,3,5,NA,NA,545.2,NA
20,"Doucet et al., 1999",42.229839,-82.842511,RM,3,tilled,none,community,N,N,W,M-Sb-W,3,3,6,NA,NA,1372.2,NA
20,"Doucet et al., 1999",42.229839,-82.842511,RM,3,tilled,none,community,N,N,W,M-Sb-W,3,3,7,NA,NA,110.9,NA
20,"Doucet et al., 1999",42.229839,-82.842511,RM,3,tilled,none,community,N,N,W,M-Sb-W,3,3,8,NA,NA,1211.6,NA
20,"Doucet et al., 1999",42.229839,-82.842511,RM,3,tilled,none,community,N,N,W,M-Sb-W,3,3,9,NA,NA,238.6,NA
20,"Doucet et al., 1999",42.229839,-82.842511,RM,3,tilled,none,community,N,N,W,M-Sb-W,3,3,10,NA,NA,1843.2,NA
20,"Doucet et al., 1999",42.229839,-82.842511,RM,3,tilled,none,community,N,N,M,Sb-W-M,3,3,3,NA,NA,428.3,NA
20,"Doucet et al., 1999",42.229839,-82.842511,RM,3,tilled,none,community,N,N,M,Sb-W-M,3,3,4,NA,NA,250.9,NA
20,"Doucet et al., 1999",42.229839,-82.842511,RM,3,tilled,none,community,N,N,M,Sb-W-M,3,3,5,NA,NA,563.9,NA
20,"Doucet et al., 1999",42.229839,-82.842511,RM,3,tilled,none,community,N,N,M,Sb-W-M,3,3,6,NA,NA,206.7,NA
20,"Doucet et al., 1999",42.229839,-82.842511,RM,3,tilled,none,community,N,N,M,Sb-W-M,3,3,7,NA,NA,283.8,NA
20,"Doucet et al., 1999",42.229839,-82.842511,RM,3,tilled,none,community,N,N,M,Sb-W-M,3,3,8,NA,NA,1161.6,NA
20,"Doucet et al., 1999",42.229839,-82.842511,RM,3,tilled,none,community,N,N,M,Sb-W-M,3,3,9,NA,NA,326.3,NA
20,"Doucet et al., 1999",42.229839,-82.842511,RM,3,tilled,none,community,N,N,M,Sb-W-M,3,3,10,NA,NA,763.4,NA
20,"Doucet et al., 1999",42.229839,-82.842511,RM,3,tilled,none,community,N,N,Sb,W-M-Sb,3,3,3,NA,NA,487.2,NA
20,"Doucet et al., 1999",42.229839,-82.842511,RM,3,tilled,none,community,N,N,Sb,W-M-Sb,3,3,4,NA,NA,143.6,NA
20,"Doucet et al., 1999",42.229839,-82.842511,RM,3,tilled,none,community,N,N,Sb,W-M-Sb,3,3,5,NA,NA,755.9,NA
20,"Doucet et al., 1999",42.229839,-82.842511,RM,3,tilled,none,community,N,N,Sb,W-M-Sb,3,3,6,NA,NA,862.6,NA
20,"Doucet et al., 1999",42.229839,-82.842511,RM,3,tilled,none,community,N,N,Sb,W-M-Sb,3,3,7,NA,NA,340.1,NA
20,"Doucet et al., 1999",42.229839,-82.842511,RM,3,tilled,none,community,N,N,Sb,W-M-Sb,3,3,8,NA,NA,348,NA
20,"Doucet et al., 1999",42.229839,-82.842511,RM,3,tilled,none,community,N,N,Sb,W-M-Sb,3,3,9,NA,NA,904.8,NA
20,"Doucet et al., 1999",42.229839,-82.842511,RM,3,tilled,none,community,N,N,Sb,W-M-Sb,3,3,10,NA,NA,203.5,NA
21,"Eiszner et al., 1996",12.545447,-86.983274,AVG,4,tilled,IC,community,N,N,Sb,Sb,1,1,3.5,130.75,NA,177.75,NA
21,"Eiszner et al., 1996",12.545447,-86.983274,AVG,4,tilled,IC,community,N,N,Sb,C-Sb,2,2,3.5,137,NA,188,NA
22,"Filizadeh et al., 2007",36.811335,50.870237,AVG,4,tilled,none,community,N,N,Ri,Ri,1,1,1.5,288,NA,68,NA
22,"Filizadeh et al., 2007",36.811335,50.870237,AVG,4,tilled,none,community,N,N,Ri,Sb-Ri,2,2,1.5,131.33333333333334,NA,37,NA
23,"Goplen et al., 2016",44.002881,-92.461605,RM,4,tilled,herbicides,single species,N,N,M,M,1,1,1,NA,NA,3.14,NA
23,"Goplen et al., 2016",44.002881,-92.461605,RM,4,tilled,herbicides,single species,N,N,M,M,1,1,2,NA,NA,5.6,NA
23,"Goplen et al., 2016",44.002881,-92.461605,RM,4,tilled,herbicides,single species,N,N,M,M,1,1,3,NA,NA,1.1,NA
23,"Goplen et al., 2016",44.002881,-92.461605,RM,4,tilled,herbicides,single species,Y,N,M,A-A-M,3,2,3,NA,NA,0.3,NA
23,"Goplen et al., 2016",44.002881,-92.461605,RM,4,tilled,herbicides,single species,N,N,M,M-Sb-M,3,2,1,NA,NA,4.7,NA
23,"Goplen et al., 2016",44.002881,-92.461605,RM,4,tilled,herbicides,single species,N,N,M,M-Sb-M,3,2,3,NA,NA,1.5,NA
23,"Goplen et al., 2016",44.002881,-92.461605,RM,4,tilled,herbicides,single species,N,N,M,Sb-M-M,3,2,2,NA,NA,10.5,NA
23,"Goplen et al., 2016",44.002881,-92.461605,RM,4,tilled,herbicides,single species,N,N,M,Sb-M-M,3,2,3,NA,NA,0.1,NA
23,"Goplen et al., 2016",44.002881,-92.461605,RM,4,tilled,herbicides,single species,Y,N,M,Sb-A-M,3,3,3,NA,NA,0.5,NA
23,"Goplen et al., 2016",44.002881,-92.461605,RM,4,tilled,herbicides,single species,N,N,M,Sb-W-M,3,3,3,NA,NA,0.5,NA
24,"Gulden et al., 2009",42.379681,-81.84664,AVG,4,NT,herbicides,community,N,N,Sb,M-Sb,2,2,3.5,NA,NA,15,NA
24,"Gulden et al., 2009",43.80372,-81.670344,AVG,4,NT,herbicides,community,N,N,Sb,M-Sb,2,2,3.5,NA,NA,4.3,NA
24,"Gulden et al., 2009",42.379681,-81.84664,AVG,4,NT,herbicides,community,N,N,M,Sb-M,2,2,3.5,NA,NA,19.9,NA
24,"Gulden et al., 2009",43.80372,-81.670344,AVG,4,NT,herbicides,community,N,N,M,Sb-M,2,2,3.5,NA,NA,7.75,NA
24,"Gulden et al., 2009",42.379681,-81.84664,AVG,4,NT,herbicides,community,N,N,M,Sb-W-M,3,3,3.5,NA,NA,10.7,NA
24,"Gulden et al., 2009",43.80372,-81.670344,AVG,4,NT,herbicides,community,N,N,M,Sb-W-M,3,3,3.5,NA,NA,2.9,NA
24,"Gulden et al., 2009",42.379681,-81.84664,AVG,4,NT,herbicides,community,N,N,Sb,W-M-Sb,3,3,3.5,NA,NA,9.5,NA
24,"Gulden et al., 2009",43.80372,-81.670344,AVG,4,NT,herbicides,community,N,N,Sb,W-M-Sb,3,3,3.5,NA,NA,4.3,NA
24,"Gulden et al., 2009",42.207291,-82.718544,AVG,4,tilled,herbicides,community,N,N,Sb,M-Sb,2,2,3.5,NA,NA,2.75,NA
24,"Gulden et al., 2009",42.379681,-81.84664,AVG,4,tilled,herbicides,community,N,N,Sb,M-Sb,2,2,3.5,NA,NA,11.899999999999999,NA
24,"Gulden et al., 2009",43.289192,-81.494523,AVG,4,tilled,herbicides,community,N,N,Sb,M-Sb,2,2,3.5,NA,NA,20.55,NA
24,"Gulden et al., 2009",42.207291,-82.718544,AVG,4,tilled,herbicides,community,N,N,M,Sb-M,2,2,3.5,NA,NA,4.35,NA
24,"Gulden et al., 2009",42.379681,-81.84664,AVG,4,tilled,herbicides,community,N,N,M,Sb-M,2,2,3.5,NA,NA,27.700000000000003,NA
24,"Gulden et al., 2009",43.289192,-81.494523,AVG,4,tilled,herbicides,community,N,N,M,Sb-M,2,2,3.5,NA,NA,22.85,NA
24,"Gulden et al., 2009",42.207291,-82.718544,AVG,4,tilled,herbicides,community,N,N,M,Sb-W-M,3,3,3.5,NA,NA,4.35,NA
24,"Gulden et al., 2009",42.379681,-81.84664,AVG,4,tilled,herbicides,community,N,N,M,Sb-W-M,3,3,3.5,NA,NA,26.2,NA
24,"Gulden et al., 2009",43.289192,-81.494523,AVG,4,tilled,herbicides,community,N,N,M,Sb-W-M,3,3,3.5,NA,NA,43.2,NA
24,"Gulden et al., 2009",42.207291,-82.718544,AVG,4,tilled,herbicides,community,N,N,Sb,W-M-Sb,3,3,3.5,NA,NA,3.6,NA
24,"Gulden et al., 2009",42.379681,-81.84664,AVG,4,tilled,herbicides,community,N,N,Sb,W-M-Sb,3,3,3.5,NA,NA,10.5,NA
24,"Gulden et al., 2009",43.289192,-81.494523,AVG,4,tilled,herbicides,community,N,N,Sb,W-M-Sb,3,3,3.5,NA,NA,18.25,NA
25,"Harker et al., 2009",50.046952,-100.029067,RM,4,NT,herbicides,single species,N,N,sB,sB,1,1,1,29.583333333333332,NA,6.666666666666667,NA
25,"Harker et al., 2009",50.046952,-100.029067,RM,4,NT,herbicides,single species,N,N,sB,sB,1,1,3,102.26666666666667,NA,12.925,NA
25,"Harker et al., 2009",50.046952,-100.029067,RM,4,NT,herbicides,single species,N,N,sB,sB,1,1,5,350.0083333333333,NA,31.283333333333335,NA
25,"Harker et al., 2009",50.046952,-100.029067,RM,4,NT,herbicides,single species,N,N,sB,sR-sB-Fp-sB,4,3,1,19.858333333333334,NA,7.75,NA
25,"Harker et al., 2009",50.046952,-100.029067,RM,4,NT,herbicides,single species,N,N,sB,sR-sB-Fp-sB,4,3,3,49.48333333333333,NA,11.966666666666667,NA
25,"Harker et al., 2009",50.046952,-100.029067,RM,4,NT,herbicides,single species,N,N,sB,sR-sB-Fp-sB,4,3,5,122.63333333333334,NA,22.725,NA
26,"Harker et al., 2015",50.046952,-100.029067,RM,4,NT,herbicides,community,N,N,sR,sR,1,1,3,NA,NA,2.9,2.2
26,"Harker et al., 2015",52.519938,-113.78395,RM,4,NT,herbicides,community,N,N,sR,sR,1,1,3,NA,NA,50.9,5.6
26,"Harker et al., 2015",50.046952,-100.029067,RM,4,NT,herbicides,community,N,N,sR,sR,1,1,6,NA,NA,52.5,14.9
26,"Harker et al., 2015",52.519938,-113.78395,RM,4,NT,herbicides,community,N,N,sR,sR,1,1,6,NA,NA,355,85.8
26,"Harker et al., 2015",50.046952,-100.029067,RM,4,NT,herbicides,community,N,N,sR,sW-sR-sR,3,2,3,NA,NA,12.3,7.7
26,"Harker et al., 2015",52.519938,-113.78395,RM,4,NT,herbicides,community,N,N,sR,sW-sR-sR,3,2,3,NA,NA,87.5,22.7
26,"Harker et al., 2015",50.046952,-100.029067,RM,4,NT,herbicides,community,N,N,sR,sW-sR-sR,3,2,6,NA,NA,29.5,3.2
26,"Harker et al., 2015",52.519938,-113.78395,RM,4,NT,herbicides,community,N,N,sR,sW-sR-sR,3,2,6,NA,NA,160,55.2
26,"Harker et al., 2015",50.046952,-100.029067,RM,4,NT,herbicides,community,N,N,sR,sW-sW-sR,3,2,3,NA,NA,8.4,5.8
26,"Harker et al., 2015",52.519938,-113.78395,RM,4,NT,herbicides,community,N,N,sR,sW-sW-sR,3,2,3,NA,NA,45.1,16.1
26,"Harker et al., 2015",50.046952,-100.029067,RM,4,NT,herbicides,community,N,N,sR,sW-sW-sR,3,2,6,NA,NA,37.3,20.7
26,"Harker et al., 2015",52.519938,-113.78395,RM,4,NT,herbicides,community,N,N,sR,sW-sW-sR,3,2,6,NA,NA,169.9,30.8
26,"Harker et al., 2015",50.046952,-100.029067,RM,4,NT,herbicides,community,N,N,sR,Fp-sW-sR,3,3,3,NA,NA,13.5,5.6
26,"Harker et al., 2015",52.519938,-113.78395,RM,4,NT,herbicides,community,N,N,sR,Fp-sW-sR,3,3,3,NA,NA,22.8,6.1
26,"Harker et al., 2015",50.046952,-100.029067,RM,4,NT,herbicides,community,N,N,sR,Fp-sW-sR,3,3,6,NA,NA,9.1,5.4
26,"Harker et al., 2015",52.519938,-113.78395,RM,4,NT,herbicides,community,N,N,sR,Fp-sW-sR,3,3,6,NA,NA,133.2,26.4
27,"Hunt et al., 2017",42.020898,-93.777058,RM,4,tilled,herb/mech,community,N,N,Sb,M-Sb,2,2,6,0.5,0.08,NA,NA
27,"Hunt et al., 2017",42.020898,-93.777058,RM,4,tilled,herb/mech,community,N,N,Sb,M-Sb,2,2,7,0.26,0.08,NA,NA
27,"Hunt et al., 2017",42.020898,-93.777058,RM,4,tilled,herb/mech,community,N,N,Sb,M-Sb,2,2,8,0.4,0.13,NA,NA
27,"Hunt et al., 2017",42.020898,-93.777058,RM,4,tilled,herb/mech,community,N,N,Sb,M-Sb,2,2,9,0.79,0.17,NA,NA
27,"Hunt et al., 2017",42.020898,-93.777058,RM,4,tilled,herb/mech,community,N,N,Sb,M-Sb,2,2,10,0.26,0.15,NA,NA
27,"Hunt et al., 2017",42.020898,-93.777058,RM,4,tilled,herb/mech,community,N,N,Sb,M-Sb,2,2,11,1.51,0.17,NA,NA
27,"Hunt et al., 2017",42.020898,-93.777058,RM,4,tilled,herb/mech,community,N,N,Sb,M-Sb,2,2,12,2.59,2.02,NA,NA
27,"Hunt et al., 2017",42.020898,-93.777058,RM,4,tilled,herb/mech,community,N,N,Sb,M-Sb,2,2,13,11.79,3.53,NA,NA
27,"Hunt et al., 2017",42.020898,-93.777058,RM,4,tilled,herb/mech,community,N,N,M,Sb-M,2,2,6,0.11,0.06,NA,NA
27,"Hunt et al., 2017",42.020898,-93.777058,RM,4,tilled,herb/mech,community,N,N,M,Sb-M,2,2,7,0.65,0.35,NA,NA
27,"Hunt et al., 2017",42.020898,-93.777058,RM,4,tilled,herb/mech,community,N,N,M,Sb-M,2,2,8,0.18,0.14,NA,NA
27,"Hunt et al., 2017",42.020898,-93.777058,RM,4,tilled,herb/mech,community,N,N,M,Sb-M,2,2,9,4.16,1.29,NA,NA
27,"Hunt et al., 2017",42.020898,-93.777058,RM,4,tilled,herb/mech,community,N,N,M,Sb-M,2,2,10,0.01,0,NA,NA
27,"Hunt et al., 2017",42.020898,-93.777058,RM,4,tilled,herb/mech,community,N,N,M,Sb-M,2,2,11,0.03,0.01,NA,NA
27,"Hunt et al., 2017",42.020898,-93.777058,RM,4,tilled,herb/mech,community,N,N,M,Sb-M,2,2,12,1.62,1.02,NA,NA
27,"Hunt et al., 2017",42.020898,-93.777058,RM,4,tilled,herb/mech,community,N,N,M,Sb-M,2,2,13,1.64,0.82,NA,NA
27,"Hunt et al., 2017",42.020898,-93.777058,RM,4,tilled,herb/mech,community,Y,N,Sb,O/A-A-M-Sb,4,4,6,0.25,0.135,NA,NA
27,"Hunt et al., 2017",42.020898,-93.777058,RM,4,tilled,herb/mech,community,Y,N,Sb,O/A-A-M-Sb,4,4,7,2.27,0.05500000000000001,NA,NA
27,"Hunt et al., 2017",42.020898,-93.777058,RM,4,tilled,herb/mech,community,Y,N,Sb,O/A-A-M-Sb,4,4,8,0.245,0.075,NA,NA
27,"Hunt et al., 2017",42.020898,-93.777058,RM,4,tilled,herb/mech,community,Y,N,Sb,O/A-A-M-Sb,4,4,9,0.19,0.015,NA,NA
27,"Hunt et al., 2017",42.020898,-93.777058,RM,4,tilled,herb/mech,community,Y,N,Sb,O/A-A-M-Sb,4,4,10,0.265,0.15500000000000003,NA,NA
27,"Hunt et al., 2017",42.020898,-93.777058,RM,4,tilled,herb/mech,community,Y,N,Sb,O/A-A-M-Sb,4,4,11,2.605,0.095,NA,NA
27,"Hunt et al., 2017",42.020898,-93.777058,RM,4,tilled,herb/mech,community,Y,N,Sb,O/A-A-M-Sb,4,4,12,6.779999999999999,3.54,NA,NA
27,"Hunt et al., 2017",42.020898,-93.777058,RM,4,tilled,herb/mech,community,Y,N,Sb,O/A-A-M-Sb,4,4,13,54.215,21.79,NA,NA
27,"Hunt et al., 2017",42.020898,-93.777058,RM,4,tilled,herb/mech,community,Y,N,M,Sb-O/A-A-M,4,4,6,2.52,0.39999999999999997,NA,NA
27,"Hunt et al., 2017",42.020898,-93.777058,RM,4,tilled,herb/mech,community,Y,N,M,Sb-O/A-A-M,4,4,7,1.295,0.275,NA,NA
27,"Hunt et al., 2017",42.020898,-93.777058,RM,4,tilled,herb/mech,community,Y,N,M,Sb-O/A-A-M,4,4,8,0.475,0.07,NA,NA
27,"Hunt et al., 2017",42.020898,-93.777058,RM,4,tilled,herb/mech,community,Y,N,M,Sb-O/A-A-M,4,4,9,18.83,1.835,NA,NA
27,"Hunt et al., 2017",42.020898,-93.777058,RM,4,tilled,herb/mech,community,Y,N,M,Sb-O/A-A-M,4,4,10,0.030000000000000002,0.02,NA,NA
27,"Hunt et al., 2017",42.020898,-93.777058,RM,4,tilled,herb/mech,community,Y,N,M,Sb-O/A-A-M,4,4,11,0.075,0.015,NA,NA
27,"Hunt et al., 2017",42.020898,-93.777058,RM,4,tilled,herb/mech,community,Y,N,M,Sb-O/A-A-M,4,4,12,5.6850000000000005,0.66,NA,NA
27,"Hunt et al., 2017",42.020898,-93.777058,RM,4,tilled,herb/mech,community,Y,N,M,Sb-O/A-A-M,4,4,13,8.27,2.805,NA,NA
27,"Hunt et al., 2017",42.020898,-93.777058,RM,4,tilled,herbicides,community,N,N,Sb,M-Sb,2,2,6,0.06,0.04,NA,NA
27,"Hunt et al., 2017",42.020898,-93.777058,RM,4,tilled,herbicides,community,N,N,Sb,M-Sb,2,2,7,0.25,0.06,NA,NA
27,"Hunt et al., 2017",42.020898,-93.777058,RM,4,tilled,herbicides,community,N,N,Sb,M-Sb,2,2,8,0.17,0.04,NA,NA
27,"Hunt et al., 2017",42.020898,-93.777058,RM,4,tilled,herbicides,community,N,N,Sb,M-Sb,2,2,9,0.04,0.01,NA,NA
27,"Hunt et al., 2017",42.020898,-93.777058,RM,4,tilled,herbicides,community,N,N,Sb,M-Sb,2,2,10,0.06,0.05,NA,NA
27,"Hunt et al., 2017",42.020898,-93.777058,RM,4,tilled,herbicides,community,N,N,Sb,M-Sb,2,2,11,0.48,0.24,NA,NA
27,"Hunt et al., 2017",42.020898,-93.777058,RM,4,tilled,herbicides,community,N,N,Sb,M-Sb,2,2,12,0.06,0.05,NA,NA
27,"Hunt et al., 2017",42.020898,-93.777058,RM,4,tilled,herbicides,community,N,N,Sb,M-Sb,2,2,13,2.5,1.4,NA,NA
27,"Hunt et al., 2017",42.020898,-93.777058,RM,4,tilled,herbicides,community,N,N,M,Sb-M,2,2,6,0.26,0.08,NA,NA
27,"Hunt et al., 2017",42.020898,-93.777058,RM,4,tilled,herbicides,community,N,N,M,Sb-M,2,2,7,0.23,0.07,NA,NA
27,"Hunt et al., 2017",42.020898,-93.777058,RM,4,tilled,herbicides,community,N,N,M,Sb-M,2,2,8,1.18,0.48,NA,NA
27,"Hunt et al., 2017",42.020898,-93.777058,RM,4,tilled,herbicides,community,N,N,M,Sb-M,2,2,9,5.46,1.76,NA,NA
27,"Hunt et al., 2017",42.020898,-93.777058,RM,4,tilled,herbicides,community,N,N,M,Sb-M,2,2,10,0.03,0.01,NA,NA
27,"Hunt et al., 2017",42.020898,-93.777058,RM,4,tilled,herbicides,community,N,N,M,Sb-M,2,2,11,0.19,0.17,NA,NA
27,"Hunt et al., 2017",42.020898,-93.777058,RM,4,tilled,herbicides,community,N,N,M,Sb-M,2,2,12,0.04,0.03,NA,NA
27,"Hunt et al., 2017",42.020898,-93.777058,RM,4,tilled,herbicides,community,N,N,M,Sb-M,2,2,13,0.06,0.02,NA,NA
27,"Hunt et al., 2017",42.020898,-93.777058,RM,4,tilled,herbicides,community,Y,N,Sb,O/RCl-M-Sb,3,4,6,0.22,0.16499999999999998,NA,NA
27,"Hunt et al., 2017",42.020898,-93.777058,RM,4,tilled,herbicides,community,Y,N,Sb,O/RCl-M-Sb,3,4,7,0.14,2.19,NA,NA
27,"Hunt et al., 2017",42.020898,-93.777058,RM,4,tilled,herbicides,community,Y,N,Sb,O/RCl-M-Sb,3,4,8,0.035,0.075,NA,NA
27,"Hunt et al., 2017",42.020898,-93.777058,RM,4,tilled,herbicides,community,Y,N,Sb,O/RCl-M-Sb,3,4,9,0,0.065,NA,NA
27,"Hunt et al., 2017",42.020898,-93.777058,RM,4,tilled,herbicides,community,Y,N,Sb,O/RCl-M-Sb,3,4,10,0.27,0.155,NA,NA
27,"Hunt et al., 2017",42.020898,-93.777058,RM,4,tilled,herbicides,community,Y,N,Sb,O/RCl-M-Sb,3,4,11,0.66,1.615,NA,NA
27,"Hunt et al., 2017",42.020898,-93.777058,RM,4,tilled,herbicides,community,Y,N,Sb,O/RCl-M-Sb,3,4,12,0.075,0.035,NA,NA
27,"Hunt et al., 2017",42.020898,-93.777058,RM,4,tilled,herbicides,community,Y,N,Sb,O/RCl-M-Sb,3,4,13,1.97,1.275,NA,NA
27,"Hunt et al., 2017",42.020898,-93.777058,RM,4,tilled,herbicides,community,Y,N,M,Sb-O/RCl-M,3,4,6,3.17,4.24,NA,NA
27,"Hunt et al., 2017",42.020898,-93.777058,RM,4,tilled,herbicides,community,Y,N,M,Sb-O/RCl-M,3,4,7,0.34,0.195,NA,NA
27,"Hunt et al., 2017",42.020898,-93.777058,RM,4,tilled,herbicides,community,Y,N,M,Sb-O/RCl-M,3,4,8,0.17,0.27,NA,NA
27,"Hunt et al., 2017",42.020898,-93.777058,RM,4,tilled,herbicides,community,Y,N,M,Sb-O/RCl-M,3,4,9,13.725,14.629999999999999,NA,NA
27,"Hunt et al., 2017",42.020898,-93.777058,RM,4,tilled,herbicides,community,Y,N,M,Sb-O/RCl-M,3,4,10,0.15000000000000002,0.06,NA,NA
27,"Hunt et al., 2017",42.020898,-93.777058,RM,4,tilled,herbicides,community,Y,N,M,Sb-O/RCl-M,3,4,11,0.09000000000000001,0.08,NA,NA
27,"Hunt et al., 2017",42.020898,-93.777058,RM,4,tilled,herbicides,community,Y,N,M,Sb-O/RCl-M,3,4,12,0.7949999999999999,2.475,NA,NA
27,"Hunt et al., 2017",42.020898,-93.777058,RM,4,tilled,herbicides,community,Y,N,M,Sb-O/RCl-M,3,4,13,1.175,1.67,NA,NA
28,"Koocheki et al., 2009",36.262176,59.612759,LAST,3,tilled,IC,community,N,N,W,W,1,1,6,NA,NA,165,NA
28,"Koocheki et al., 2009",36.262176,59.612759,LAST,3,tilled,IC,community,N,N,W,Be-W,2,2,6,NA,NA,141,NA
28,"Koocheki et al., 2009",36.262176,59.612759,LAST,3,tilled,IC,community,N,N,W,M-W,2,2,6,NA,NA,98,NA
29,"Legere et al., 2005",47.369377,-70.034259,RM,4,IC,herbicides,community,N,N,sB,sB,1,1,3,NA,NA,65.2,NA
29,"Legere et al., 2005",47.369377,-70.034259,RM,4,IC,herbicides,community,N,N,sB,sB,1,1,4,NA,NA,60.1,NA
29,"Legere et al., 2005",47.369377,-70.034259,RM,4,IC,herbicides,community,N,N,sB,sB,1,1,5,NA,NA,76.1,NA
29,"Legere et al., 2005",47.369377,-70.034259,RM,4,IC,herbicides,community,N,N,sB,sB,1,1,6,NA,NA,34.1,NA
29,"Legere et al., 2005",47.369377,-70.034259,RM,4,IC,herbicides,community,Y,N,sB,RCl-sB/RCl,2,2,3,NA,NA,0,NA
29,"Legere et al., 2005",47.369377,-70.034259,RM,4,IC,herbicides,community,Y,N,sB,RCl-sB/RCl,2,2,4,NA,NA,34.1,NA
29,"Legere et al., 2005",47.369377,-70.034259,RM,4,IC,herbicides,community,Y,N,sB,RCl-sB/RCl,2,2,5,NA,NA,14.5,NA
29,"Legere et al., 2005",47.369377,-70.034259,RM,4,IC,herbicides,community,Y,N,sB,RCl-sB/RCl,2,2,6,NA,NA,12.3,NA
30,"Leroux et al., 1996",45.10671,-73.527547,RM,6,tilled,herbicides,community,N,N,Ca,Ca,1,1,1,2.26,NA,NA,NA
30,"Leroux et al., 1996",45.10671,-73.527547,RM,6,tilled,herbicides,community,N,N,Ca,Ca,1,1,2,2.05,NA,NA,NA
30,"Leroux et al., 1996",45.10671,-73.527547,RM,6,tilled,herbicides,community,N,N,Ca,Ca,1,1,3,36.69,NA,NA,NA
30,"Leroux et al., 1996",45.10671,-73.527547,RM,6,tilled,herbicides,community,N,N,Ca,B-Ca-Ca,3,2,2,0.82,NA,NA,NA
30,"Leroux et al., 1996",45.10671,-73.527547,RM,6,tilled,herbicides,community,N,N,Ca,B-Ca-Ca,3,2,3,48.6,NA,NA,NA
30,"Leroux et al., 1996",45.10671,-73.527547,RM,6,tilled,herbicides,community,N,N,Ca,Ca-B-Ca,2,2,1,2.26,NA,NA,NA
30,"Leroux et al., 1996",45.10671,-73.527547,RM,6,tilled,herbicides,community,N,N,Ca,Ca-B-Ca,2,2,3,47.86,NA,NA,NA
30,"Leroux et al., 1996",45.10671,-73.527547,RM,6,tilled,herbicides,community,N,N,Ca,Ca-On-Ca,2,2,1,2.26,NA,NA,NA
30,"Leroux et al., 1996",45.10671,-73.527547,RM,6,tilled,herbicides,community,N,N,Ca,Ca-On-Ca,2,2,3,83.98,NA,NA,NA
30,"Leroux et al., 1996",45.10671,-73.527547,RM,6,tilled,herbicides,community,N,N,Ca,B-On-Ca,3,3,3,71.69,NA,NA,NA
30,"Leroux et al., 1996",45.10671,-73.527547,RM,6,tilled,herbicides,community,N,N,Ca,On-B-Ca,3,3,3,39.17,NA,NA,NA
31,"Liebman et al., 2014",42.020898,-93.777058,RM,4,tilled,IC,community,N,N,Sb,M-Sb,2,2,2,NA,NA,122,NA
31,"Liebman et al., 2014",42.020898,-93.777058,RM,4,tilled,IC,community,N,N,Sb,M-Sb,2,2,3,NA,NA,255,NA
31,"Liebman et al., 2014",42.020898,-93.777058,RM,4,tilled,IC,community,N,N,Sb,M-Sb,2,2,4,NA,NA,32,NA
31,"Liebman et al., 2014",42.020898,-93.777058,RM,4,tilled,IC,community,N,N,M,Sb-M,2,2,2,NA,NA,274,NA
31,"Liebman et al., 2014",42.020898,-93.777058,RM,4,tilled,IC,community,N,N,M,Sb-M,2,2,3,NA,NA,170,NA
31,"Liebman et al., 2014",42.020898,-93.777058,RM,4,tilled,IC,community,N,N,M,Sb-M,2,2,4,NA,NA,18,NA
31,"Liebman et al., 2014",42.020898,-93.777058,RM,4,tilled,IC,community,Y,N,M,Sb-sTr/A-A-M,4,4,2,NA,NA,291,NA
31,"Liebman et al., 2014",42.020898,-93.777058,RM,4,tilled,IC,community,Y,N,M,Sb-sTr/A-A-M,4,4,3,NA,NA,22,NA
31,"Liebman et al., 2014",42.020898,-93.777058,RM,4,tilled,IC,community,Y,N,M,Sb-sTr/A-A-M,4,4,4,NA,NA,20,NA
31,"Liebman et al., 2014",42.020898,-93.777058,RM,4,tilled,IC,community,Y,N,M,Sb-sTr/RCl-M,3,4,2,NA,NA,282,NA
31,"Liebman et al., 2014",42.020898,-93.777058,RM,4,tilled,IC,community,Y,N,M,Sb-sTr/RCl-M,3,4,3,NA,NA,26,NA
31,"Liebman et al., 2014",42.020898,-93.777058,RM,4,tilled,IC,community,Y,N,M,Sb-sTr/RCl-M,3,4,4,NA,NA,22,NA
31,"Liebman et al., 2014",42.020898,-93.777058,RM,4,tilled,IC,community,Y,N,Sb,sTr/A-A-M-Sb,4,4,2,NA,NA,248,NA
31,"Liebman et al., 2014",42.020898,-93.777058,RM,4,tilled,IC,community,Y,N,Sb,sTr/A-A-M-Sb,4,4,3,NA,NA,254,NA
31,"Liebman et al., 2014",42.020898,-93.777058,RM,4,tilled,IC,community,Y,N,Sb,sTr/A-A-M-Sb,4,4,4,NA,NA,33,NA
31,"Liebman et al., 2014",42.020898,-93.777058,RM,4,tilled,IC,community,Y,N,Sb,sTr/RCl-M-Sb,3,4,2,NA,NA,444,NA
31,"Liebman et al., 2014",42.020898,-93.777058,RM,4,tilled,IC,community,Y,N,Sb,sTr/RCl-M-Sb,3,4,3,NA,NA,84,NA
31,"Liebman et al., 2014",42.020898,-93.777058,RM,4,tilled,IC,community,Y,N,Sb,sTr/RCl-M-Sb,3,4,4,NA,NA,25,NA
32,"Manley et al., 2001",37.584096,-75.782421,RM,4,tilled,none,community,N,N,M,M,1,1,1,NA,NA,20.666666666666668,NA
32,"Manley et al., 2001",37.584096,-75.782421,RM,4,tilled,none,community,N,N,M,M,1,1,2,NA,NA,144.33333333333334,NA
32,"Manley et al., 2001",37.584096,-75.782421,RM,4,tilled,none,community,N,N,M,M,1,1,3,NA,NA,119.33333333333333,NA
32,"Manley et al., 2001",37.584096,-75.782421,RM,4,tilled,none,community,N,N,M,M,1,1,4,NA,NA,232,NA
32,"Manley et al., 2001",37.584096,-75.782421,RM,4,tilled,none,community,N,N,Sb,Sb,1,1,1,NA,NA,96.33333333333333,NA
32,"Manley et al., 2001",37.584096,-75.782421,RM,4,tilled,none,community,N,N,Sb,Sb,1,1,2,NA,NA,257.3333333333333,NA
32,"Manley et al., 2001",37.584096,-75.782421,RM,4,tilled,none,community,N,N,Sb,Sb,1,1,3,NA,NA,122,NA
32,"Manley et al., 2001",37.584096,-75.782421,RM,4,tilled,none,community,N,N,Sb,Sb,1,1,4,NA,NA,321.3333333333333,NA
32,"Manley et al., 2001",37.584096,-75.782421,RM,4,tilled,none,community,N,N,M,Sb-M,2,2,1,NA,NA,50,NA
32,"Manley et al., 2001",37.584096,-75.782421,RM,4,tilled,none,community,N,N,Sb,Sb-M,2,2,1,NA,NA,130,NA
32,"Manley et al., 2001",37.584096,-75.782421,RM,4,tilled,none,community,N,N,M,Sb-M,2,2,2,NA,NA,158,NA
32,"Manley et al., 2001",37.584096,-75.782421,RM,4,tilled,none,community,N,N,Sb,Sb-M,2,2,2,NA,NA,288,NA
32,"Manley et al., 2001",37.584096,-75.782421,RM,4,tilled,none,community,N,N,M,Sb-M,2,2,3,NA,NA,168,NA
32,"Manley et al., 2001",37.584096,-75.782421,RM,4,tilled,none,community,N,N,Sb,Sb-M,2,2,3,NA,NA,101,NA
32,"Manley et al., 2001",37.584096,-75.782421,RM,4,tilled,none,community,N,N,M,Sb-M,2,2,4,NA,NA,277,NA
32,"Manley et al., 2001",37.584096,-75.782421,RM,4,tilled,none,community,N,N,Sb,Sb-M,2,2,4,NA,NA,281,NA
32,"Manley et al., 2001",37.584096,-75.782421,RM,4,tilled,none,community,N,N,Sb,M-To-Sb,2.5,2.5,1,NA,NA,72,NA
32,"Manley et al., 2001",37.584096,-75.782421,RM,4,tilled,none,community,N,N,Sb,M-To-Sb,3,3,2,NA,NA,154,NA
32,"Manley et al., 2001",37.584096,-75.782421,RM,4,tilled,none,community,N,N,Sb,M-To-Sb,3,3,3,NA,NA,116,NA
32,"Manley et al., 2001",37.584096,-75.782421,RM,4,tilled,none,community,N,N,Sb,M-To-Sb,3,3,4,NA,NA,224,NA
32,"Manley et al., 2001",37.584096,-75.782421,RM,4,tilled,none,community,N,N,M,To-Sb-M,3,3,1,NA,NA,14,NA
32,"Manley et al., 2001",37.584096,-75.782421,RM,4,tilled,none,community,N,N,M,To-Sb-M,3,3,2,NA,NA,154,NA
32,"Manley et al., 2001",37.584096,-75.782421,RM,4,tilled,none,community,N,N,M,To-Sb-M,3,3,3,NA,NA,116,NA
32,"Manley et al., 2001",37.584096,-75.782421,RM,4,tilled,none,community,N,N,M,To-Sb-M,3,3,4,NA,NA,224,NA
33,"Marenco et al., 1999",-2.578711,-44.206322,LAST,4,tilled,none,community,N,N,Ri,Ri,1,1,1,71.77,NA,684.48,NA
33,"Marenco et al., 1999",-2.578711,-44.206322,LAST,4,tilled,none,community,N,N,Ri,Cp/Ri,1,2,1,77.45,NA,187.5,NA
33,"Marenco et al., 1999",-2.578711,-44.206322,LAST,4,tilled,none,community,N,N,Ri,Hb/Ri,1,2,1,73.37,NA,131.25,NA
33,"Marenco et al., 1999",-2.578711,-44.206322,LAST,4,tilled,none,community,N,N,Ri,Vb/Ri,1,2,1,99.46,NA,29.68,NA
34,"Martin and Felton, 1993",-31.147432,150.983345,RM,4,NT,herbicides,single species,N,N,sW,sW,1,1,1,NA,NA,3.5,NA
34,"Martin and Felton, 1993",-31.147432,150.983345,RM,4,NT,herbicides,single species,N,N,sW,sW,1,1,4,NA,NA,26.5,NA
34,"Martin and Felton, 1993",-31.147432,150.983345,RM,4,NT,herbicides,single species,N,N,sW,sW-So-sW,2,2,1,NA,NA,2,NA
34,"Martin and Felton, 1993",-31.147432,150.983345,RM,4,NT,herbicides,single species,N,N,sW,sW-So-sW,2,2,4,NA,NA,0.5,NA
34,"Martin and Felton, 1993",-31.147432,150.983345,RM,4,NT,none,single species,N,N,sW,sW,1,1,1,NA,NA,17,NA
34,"Martin and Felton, 1993",-31.147432,150.983345,RM,4,NT,none,single species,N,N,sW,sW,1,1,4,NA,NA,421,NA
34,"Martin and Felton, 1993",-31.147432,150.983345,RM,4,NT,none,single species,N,N,sW,sW-So-sW,2,2,1,NA,NA,24,NA
34,"Martin and Felton, 1993",-31.147432,150.983345,RM,4,NT,none,single species,N,N,sW,sW-So-sW,2,2,4,NA,NA,29,NA
34,"Martin and Felton, 1993",-31.147432,150.983345,RM,4,tilled,herbicides,single species,N,N,sW,sW,1,1,1,NA,NA,5.5,NA
34,"Martin and Felton, 1993",-31.147432,150.983345,RM,4,tilled,herbicides,single species,N,N,sW,sW,1,1,4,NA,NA,2.5,NA
34,"Martin and Felton, 1993",-31.147432,150.983345,RM,4,tilled,herbicides,single species,N,N,sW,sW-So-sW,2,2,1,NA,NA,2.5,NA
34,"Martin and Felton, 1993",-31.147432,150.983345,RM,4,tilled,herbicides,single species,N,N,sW,sW-So-sW,2,2,4,NA,NA,3,NA
34,"Martin and Felton, 1993",-31.147432,150.983345,RM,4,tilled,none,single species,N,N,sW,sW,1,1,1,NA,NA,18,NA
34,"Martin and Felton, 1993",-31.147432,150.983345,RM,4,tilled,none,single species,N,N,sW,sW,1,1,4,NA,NA,36,NA
34,"Martin and Felton, 1993",-31.147432,150.983345,RM,4,tilled,none,single species,N,N,sW,sW-So-sW,2,2,1,NA,NA,36,NA
34,"Martin and Felton, 1993",-31.147432,150.983345,RM,4,tilled,none,single species,N,N,sW,sW-So-sW,2,2,4,NA,NA,9,NA
35,"Melander et al., 2008",55.312867,11.394974,RM,4,NT,herbicides,single species,N,N,W,W,1,1,2,NA,NA,8.1,NA
35,"Melander et al., 2008",55.312867,11.394974,RM,4,NT,herbicides,single species,N,N,W,W,1,1,4,NA,NA,0,NA
35,"Melander et al., 2008",55.312867,11.394974,RM,4,NT,herbicides,single species,N,N,W,W,1,1,5,NA,NA,0.5,NA
35,"Melander et al., 2008",55.312867,11.394974,RM,4,NT,herbicides,single species,N,N,W,B-R-W-W,3,3,4,NA,NA,9.2,NA
35,"Melander et al., 2008",55.312867,11.394974,RM,4,NT,herbicides,single species,N,N,W,B-R-W-W,3,3,5,NA,NA,1,NA
35,"Melander et al., 2008",55.312867,11.394974,RM,4,NT,herbicides,single species,N,N,W,W-sB-Fp-W,3,3,2,NA,NA,3.3,NA
35,"Melander et al., 2008",55.312867,11.394974,RM,4,NT,herbicides,single species,N,N,W,W-sB-R-W,3,3,5,NA,NA,10.7,NA
35,"Melander et al., 2008",55.312867,11.394974,RM,4,tilled,herbicides,single species,N,N,W,W,1,1,2,NA,NA,16.266666666666666,NA
35,"Melander et al., 2008",55.312867,11.394974,RM,4,tilled,herbicides,single species,N,N,W,W,1,1,4,NA,NA,20.266666666666666,NA
35,"Melander et al., 2008",55.312867,11.394974,RM,4,tilled,herbicides,single species,N,N,W,W,1,1,5,NA,NA,16.8,NA
35,"Melander et al., 2008",55.312867,11.394974,RM,4,tilled,herbicides,single species,N,N,W,B-R-W-W,3,3,4,NA,NA,9.95,NA
35,"Melander et al., 2008",55.312867,11.394974,RM,4,tilled,herbicides,single species,N,N,W,B-R-W-W,3,3,5,NA,NA,8.45,NA
35,"Melander et al., 2008",55.312867,11.394974,RM,4,tilled,herbicides,single species,N,N,W,R-B-R-W,3,3,4,NA,NA,32.3,NA
35,"Melander et al., 2008",55.312867,11.394974,RM,4,tilled,herbicides,single species,N,N,W,R-B-R-W,3,3,5,NA,NA,12.3,NA
35,"Melander et al., 2008",55.312867,11.394974,RM,4,tilled,herbicides,single species,N,N,W,W-sB-Fp-W,3,3,2,NA,NA,10.9,NA
35,"Melander et al., 2008",55.312867,11.394974,RM,4,tilled,herbicides,single species,N,N,W,W-sB-Fp-W,3,3,5,NA,NA,39.3,NA
35,"Melander et al., 2008",55.312867,11.394974,RM,4,tilled,herbicides,single species,N,N,W,W-Sb-Fp-W,3,3,2,NA,NA,25.9,NA
35,"Melander et al., 2008",55.312867,11.394974,RM,4,tilled,herbicides,single species,N,N,W,W-Sb-Fp-W,3,3,5,NA,NA,2.2,NA
35,"Melander et al., 2008",55.312867,11.394974,RM,4,tilled,herbicides,single species,N,N,W,W-sB-R-W,3,3,5,NA,NA,16,NA
36,"Mock et al., 2012",40.415151,-86.940704,LAST,6,NT,herbicides,community,N,N,Sb,Sb,1,1,3,NA,NA,143,NA
36,"Mock et al., 2012",40.415151,-86.940704,LAST,6,NT,herbicides,community,N,N,Sb,M-Sb,2,2,3,NA,NA,49.666666666666664,NA
36,"Mock et al., 2012",40.415151,-86.940704,LAST,6,NT,none,community,N,N,Sb,Sb,1,1,3,NA,NA,138,NA
36,"Mock et al., 2012",40.415151,-86.940704,LAST,6,NT,none,community,N,N,Sb,M-Sb,2,2,3,NA,NA,27,NA
37,"Mohammaddoust Chamanad et al., 2009",55.83576,37.560004,AVG,3,tilled,none,community,N,N,sB,sB,1,1,93.5,NA,NA,346.4,NA
37,"Mohammaddoust Chamanad et al., 2009",55.83576,37.560004,AVG,3,tilled,none,community,Y,N,sB,RCl-RCl-Fl-Fl-F-F-Ry-Ry-Po-Po-sB-sB,12,6,93.5,NA,NA,133.8,NA
38,"Porter et al., 2003",44.231538,-95.26451,LAST,3,tilled,herb/mech,community,N,N,Sb,M-Sb,2,2,6,NA,NA,135,NA
38,"Porter et al., 2003",44.231538,-95.26451,LAST,3,tilled,herb/mech,community,N,N,M,Sb-M,2,2,6,NA,NA,522,NA
38,"Porter et al., 2003",44.231538,-95.26451,LAST,3,tilled,herb/mech,community,Y,N,Sb,O/A-A-M-Sb,4,4,6,NA,NA,72.75,NA
38,"Porter et al., 2003",44.231538,-95.26451,LAST,3,tilled,herb/mech,community,Y,N,M,Sb-O/A-A-M,4,4,6,NA,NA,155.5,NA
38,"Porter et al., 2003",44.231538,-95.26451,LAST,3,tilled,mechanical,community,N,N,Sb,M-Sb,2,2,6,NA,NA,238.5,NA
38,"Porter et al., 2003",44.231538,-95.26451,LAST,3,tilled,mechanical,community,N,N,M,Sb-M,2,2,6,NA,NA,706,NA
38,"Porter et al., 2003",44.231538,-95.26451,LAST,3,tilled,mechanical,community,Y,N,Sb,O/A-A-M-Sb,4,4,6,NA,NA,143,NA
38,"Porter et al., 2003",44.231538,-95.26451,LAST,3,tilled,mechanical,community,Y,N,M,Sb-O/A-A-M,4,4,6,NA,NA,285.25,NA
39,"Rey-Caballero et al., 2017",41.630231,1.340414,RM,3,tilled,herbicides,single species,N,N,W,W,1,1,1,NA,NA,1.5,NA
39,"Rey-Caballero et al., 2017",41.917577,1.014483,RM,3,tilled,herbicides,single species,N,N,W,W,1,1,1,NA,NA,27,NA
39,"Rey-Caballero et al., 2017",41.630231,1.340414,RM,3,tilled,herbicides,single species,N,N,W,W,1,1,3,NA,NA,11,NA
39,"Rey-Caballero et al., 2017",41.917577,1.014483,RM,3,tilled,herbicides,single species,N,N,W,W,1,1,3,NA,NA,29,NA
39,"Rey-Caballero et al., 2017",41.630231,1.340414,RM,3,tilled,herbicides,single species,N,N,W,Fp-W,2,2,1,NA,NA,1.8,NA
39,"Rey-Caballero et al., 2017",41.917577,1.014483,RM,3,tilled,herbicides,single species,N,N,W,Fp-W,2,2,1,NA,NA,20,NA
39,"Rey-Caballero et al., 2017",41.630231,1.340414,RM,3,tilled,herbicides,single species,N,N,W,Fp-W,2,2,3,NA,NA,4,NA
39,"Rey-Caballero et al., 2017",41.917577,1.014483,RM,3,tilled,herbicides,single species,N,N,W,Fp-W,2,2,3,NA,NA,2,NA
39,"Rey-Caballero et al., 2017",41.630231,1.340414,RM,3,tilled,herbicides,single species,N,N,W,R-W,2,2,1,NA,NA,2.1,NA
39,"Rey-Caballero et al., 2017",41.917577,1.014483,RM,3,tilled,herbicides,single species,N,N,W,R-W,2,2,1,NA,NA,27,NA
39,"Rey-Caballero et al., 2017",41.630231,1.340414,RM,3,tilled,herbicides,single species,N,N,W,R-W,2,2,3,NA,NA,14,NA
39,"Rey-Caballero et al., 2017",41.917577,1.014483,RM,3,tilled,herbicides,single species,N,N,W,R-W,2,2,3,NA,NA,4,NA
39,"Rey-Caballero et al., 2017",41.630231,1.340414,RM,3,tilled,herbicides,single species,N,N,W,Su-W,2,2,1,NA,NA,1.5,NA
39,"Rey-Caballero et al., 2017",41.917577,1.014483,RM,3,tilled,herbicides,single species,N,N,W,Su-W,2,2,1,NA,NA,38,NA
39,"Rey-Caballero et al., 2017",41.630231,1.340414,RM,3,tilled,herbicides,single species,N,N,W,Su-W,2,2,3,NA,NA,12,NA
39,"Rey-Caballero et al., 2017",41.917577,1.014483,RM,3,tilled,herbicides,single species,N,N,W,Su-W,2,2,3,NA,NA,0.5,NA
40,"Santin-Montanya et al., 2016",40.535421,-3.330587,LAST,4,IC,herbicides,community,N,N,B,B,1,1,12,NA,NA,969.45,343.55
40,"Santin-Montanya et al., 2016",40.535421,-3.330587,LAST,4,IC,herbicides,community,N,N,B,F-Fp-B,3,2,12,NA,NA,91.6,30.5
41,"Schrieber, 1992",40.428001,-86.90336,RM,4,IC,none,single species,N,N,M,M,1,1,6,NA,NA,243,NA
41,"Schrieber, 1992",40.428001,-86.90336,RM,4,IC,none,single species,N,N,M,M,1,1,7,NA,NA,336,NA
41,"Schrieber, 1992",40.428001,-86.90336,RM,4,IC,none,single species,N,N,M,M,1,1,8,NA,NA,821,NA
41,"Schrieber, 1992",40.428001,-86.90336,RM,4,IC,none,single species,N,N,M,M,1,1,9,NA,NA,185,NA
41,"Schrieber, 1992",40.428001,-86.90336,RM,4,IC,none,single species,N,N,M,M,1,1,10,NA,NA,1398,NA
41,"Schrieber, 1992",40.428001,-86.90336,RM,4,IC,none,single species,N,N,M,M,1,1,11,NA,NA,711,NA
41,"Schrieber, 1992",40.428001,-86.90336,RM,4,IC,none,single species,N,N,M,M,1,1,12,NA,NA,61,NA
41,"Schrieber, 1992",40.428001,-86.90336,RM,4,IC,none,single species,N,N,M,Sb-M,2,2,6,NA,NA,147,NA
41,"Schrieber, 1992",40.428001,-86.90336,RM,4,IC,none,single species,N,N,M,Sb-M,2,2,7,NA,NA,93,NA
41,"Schrieber, 1992",40.428001,-86.90336,RM,4,IC,none,single species,N,N,M,Sb-M,2,2,8,NA,NA,275,NA
41,"Schrieber, 1992",40.428001,-86.90336,RM,4,IC,none,single species,N,N,M,Sb-M,2,2,9,NA,NA,59,NA
41,"Schrieber, 1992",40.428001,-86.90336,RM,4,IC,none,single species,N,N,M,Sb-M,2,2,10,NA,NA,572,NA
41,"Schrieber, 1992",40.428001,-86.90336,RM,4,IC,none,single species,N,N,M,Sb-M,2,2,11,NA,NA,70,NA
41,"Schrieber, 1992",40.428001,-86.90336,RM,4,IC,none,single species,N,N,M,Sb-M,2,2,12,NA,NA,53,NA
41,"Schrieber, 1992",40.428001,-86.90336,RM,4,IC,none,single species,N,N,M,Sb-W-M,3,3,6,NA,NA,21,NA
41,"Schrieber, 1992",40.428001,-86.90336,RM,4,IC,none,single species,N,N,M,Sb-W-M,3,3,7,NA,NA,19,NA
41,"Schrieber, 1992",40.428001,-86.90336,RM,4,IC,none,single species,N,N,M,Sb-W-M,3,3,8,NA,NA,267,NA
41,"Schrieber, 1992",40.428001,-86.90336,RM,4,IC,none,single species,N,N,M,Sb-W-M,3,3,9,NA,NA,7,NA
41,"Schrieber, 1992",40.428001,-86.90336,RM,4,IC,none,single species,N,N,M,Sb-W-M,3,3,10,NA,NA,57,NA
41,"Schrieber, 1992",40.428001,-86.90336,RM,4,IC,none,single species,N,N,M,Sb-W-M,3,3,11,NA,NA,172,NA
41,"Schrieber, 1992",40.428001,-86.90336,RM,4,IC,none,single species,N,N,M,Sb-W-M,3,3,12,NA,NA,15,NA
41,"Schrieber, 1992",40.428001,-86.90336,LAST,4,NT,none,single species,N,N,M,M,1,1,7,NA,NA,142.66666666666666,NA
41,"Schrieber, 1992",40.428001,-86.90336,LAST,4,NT,none,single species,N,N,M,M,1,1,10,NA,NA,1077.3333333333333,NA
41,"Schrieber, 1992",40.428001,-86.90336,LAST,4,NT,none,single species,N,N,M,Sb-M,2,2,7,NA,NA,38.666666666666664,NA
41,"Schrieber, 1992",40.428001,-86.90336,LAST,4,NT,none,single species,N,N,M,Sb-M,2,2,10,NA,NA,550.6666666666666,NA
41,"Schrieber, 1992",40.428001,-86.90336,LAST,4,NT,none,single species,N,N,M,Sb-W-M,3,3,7,NA,NA,9.333333333333334,NA
41,"Schrieber, 1992",40.428001,-86.90336,LAST,4,NT,none,single species,N,N,M,Sb-W-M,3,3,10,NA,NA,63,NA
41,"Schrieber, 1992",40.428001,-86.90336,LAST,4,tilled,none,single species,N,N,M,M,1,1,7,NA,NA,40.166666666666664,NA
41,"Schrieber, 1992",40.428001,-86.90336,LAST,4,tilled,none,single species,N,N,M,M,1,1,10,NA,NA,169,NA
41,"Schrieber, 1992",40.428001,-86.90336,LAST,4,tilled,none,single species,N,N,M,Sb-M,2,2,7,NA,NA,14.333333333333334,NA
41,"Schrieber, 1992",40.428001,-86.90336,LAST,4,tilled,none,single species,N,N,M,Sb-M,2,2,10,NA,NA,53.166666666666664,NA
41,"Schrieber, 1992",40.428001,-86.90336,LAST,4,tilled,none,single species,N,N,M,Sb-W-M,3,3,7,NA,NA,9.166666666666666,NA
41,"Schrieber, 1992",40.428001,-86.90336,LAST,4,tilled,none,single species,N,N,M,Sb-W-M,3,3,10,NA,NA,20.833333333333332,NA
42,"Seibutis et al., 2006",54.8876,23.835541,AVG,4,tilled,herbicides,community,N,N,sB,sB,1,1,4,2.4,NA,7.9,NA
42,"Seibutis et al., 2006",54.8876,23.835541,AVG,4,tilled,herbicides,community,N,N,sB,Be-sB,2,2,4,1,NA,12.7,NA
42,"Seibutis et al., 2006",54.8876,23.835541,AVG,4,tilled,herbicides,community,N,N,W,Fp-W,2,2,4,6.3,NA,19.7,NA
42,"Seibutis et al., 2006",54.8876,23.835541,AVG,4,tilled,herbicides,community,N,N,W,Be-Fp-W,3,3,4,2,NA,9.2,NA
42,"Seibutis et al., 2006",54.8876,23.835541,AVG,4,tilled,herbicides,community,N,N,sB,Fp-Be-sB,3,3,4,1.1,NA,12.1,NA
42,"Seibutis et al., 2006",54.8876,23.835541,AVG,4,tilled,herbicides,community,N,N,W,Fp-W-sB,3,3,4,4.7,NA,14.2,NA
42,"Seibutis et al., 2006",54.8876,23.835541,AVG,4,tilled,herbicides,community,N,N,sB,sR-Be-sB,3,3,4,2.4,NA,19.4,NA
42,"Seibutis et al., 2006",54.8876,23.835541,AVG,4,tilled,herbicides,community,N,N,sB,W-Be-sB,3,3,4,1,NA,13.7,NA
42,"Seibutis et al., 2006",54.8876,23.835541,AVG,4,tilled,herbicides,community,N,N,sB,W-Fp-sB,3,3,4,2.9,NA,17.8,NA
42,"Seibutis et al., 2006",54.8876,23.835541,AVG,4,tilled,herbicides,community,N,N,sB,Fp-W-Be-sB,4,4,4,1.5,NA,7.3,NA
42,"Seibutis et al., 2006",54.8876,23.835541,AVG,4,tilled,herbicides,community,N,N,W,Fp-W-Be-sB,4,4,4,1.1,NA,6.4,NA
43,"Shahzad et al., 2016",30.15393,71.524782,RM,3,NT,none,community,N,Y,W,F-W,2,1,1,172,NA,146,NA
43,"Shahzad et al., 2016",30.15393,71.524782,RM,3,NT,none,community,N,Y,W,F-W,2,1,2,150,NA,556,NA
43,"Shahzad et al., 2016",30.15393,71.524782,RM,3,NT,none,community,N,N,W,C-W,2,2,1,141,NA,105,NA
43,"Shahzad et al., 2016",30.15393,71.524782,RM,3,NT,none,community,N,N,W,C-W,2,2,2,81,NA,67,NA
43,"Shahzad et al., 2016",30.15393,71.524782,RM,3,NT,none,community,N,N,W,Mb-W,2,2,1,149,NA,154,NA
43,"Shahzad et al., 2016",30.15393,71.524782,RM,3,NT,none,community,N,N,W,Mb-W,2,2,2,176,NA,199,NA
43,"Shahzad et al., 2016",30.15393,71.524782,RM,3,NT,none,community,N,N,W,Ri-W,2,2,1,158,NA,111,NA
43,"Shahzad et al., 2016",30.15393,71.524782,RM,3,NT,none,community,N,N,W,Ri-W,2,2,2,50,NA,117,NA
43,"Shahzad et al., 2016",30.15393,71.524782,RM,3,NT,none,community,N,N,W,So-W,2,2,1,23,NA,63,NA
43,"Shahzad et al., 2016",30.15393,71.524782,RM,3,NT,none,community,N,N,W,So-W,2,2,2,23,NA,42,NA
43,"Shahzad et al., 2016",30.15393,71.524782,RM,3,tilled,none,community,N,Y,W,F-W,2,1,1,8.5,NA,13.75,NA
43,"Shahzad et al., 2016",30.15393,71.524782,RM,3,tilled,none,community,N,Y,W,F-W,2,1,2,5,NA,9.5,NA
43,"Shahzad et al., 2016",30.15393,71.524782,RM,3,tilled,none,community,N,N,W,C-W,2,2,1,7.5,NA,21.75,NA
43,"Shahzad et al., 2016",30.15393,71.524782,RM,3,tilled,none,community,N,N,W,C-W,2,2,2,4.25,NA,16.75,NA
43,"Shahzad et al., 2016",30.15393,71.524782,RM,3,tilled,none,community,N,N,W,Mb-W,2,2,1,5.5,NA,14.75,NA
43,"Shahzad et al., 2016",30.15393,71.524782,RM,3,tilled,none,community,N,N,W,Mb-W,2,2,2,3.75,NA,10.25,NA
43,"Shahzad et al., 2016",30.15393,71.524782,RM,3,tilled,none,community,N,N,W,Ri-W,2,2,1,6.5,NA,12.75,NA
43,"Shahzad et al., 2016",30.15393,71.524782,RM,3,tilled,none,community,N,N,W,Ri-W,2,2,2,5.25,NA,8.5,NA
43,"Shahzad et al., 2016",30.15393,71.524782,RM,3,tilled,none,community,N,N,W,So-W,2,2,1,4.5,NA,8,NA
43,"Shahzad et al., 2016",30.15393,71.524782,RM,3,tilled,none,community,N,N,W,So-W,2,2,2,2.75,NA,5.75,NA
44,"Simic et al., 2016",44.870012,20.328897,RM,4,tilled,herbicides,community,N,N,M,M,1,1,1,561,NA,NA,NA
44,"Simic et al., 2016",44.870012,20.328897,RM,4,tilled,herbicides,community,N,N,M,M,1,1,3,533.3499999999999,NA,NA,NA
44,"Simic et al., 2016",44.870012,20.328897,RM,4,tilled,herbicides,community,N,N,M,M,1,1,4,533.3499999999999,NA,NA,NA
44,"Simic et al., 2016",44.870012,20.328897,RM,4,tilled,herbicides,community,N,N,M,W-M,2,2,1,673.7,NA,NA,NA
44,"Simic et al., 2016",44.870012,20.328897,RM,4,tilled,herbicides,community,N,N,M,W-M,2,2,3,205.7,NA,NA,NA
44,"Simic et al., 2016",44.870012,20.328897,RM,4,tilled,herbicides,community,N,N,M,Sb-W-M,3,3,1,1005.1500000000001,NA,NA,NA
44,"Simic et al., 2016",44.870012,20.328897,RM,4,tilled,herbicides,community,N,N,M,Sb-W-M,3,3,4,376.84999999999997,NA,NA,NA
44,"Simic et al., 2016",44.870012,20.328897,RM,4,tilled,none,community,N,N,M,M,1,1,1,4163.2,NA,NA,NA
44,"Simic et al., 2016",44.870012,20.328897,RM,4,tilled,none,community,N,N,M,M,1,1,3,2077.5,NA,NA,NA
44,"Simic et al., 2016",44.870012,20.328897,RM,4,tilled,none,community,N,N,M,M,1,1,4,2077.5,NA,NA,NA
44,"Simic et al., 2016",44.870012,20.328897,RM,4,tilled,none,community,N,N,M,W-M,2,2,1,3392.7,NA,NA,NA
44,"Simic et al., 2016",44.870012,20.328897,RM,4,tilled,none,community,N,N,M,W-M,2,2,3,2114.4,NA,NA,NA
44,"Simic et al., 2016",44.870012,20.328897,RM,4,tilled,none,community,N,N,M,Sb-W-M,3,3,1,5861.6,NA,NA,NA
44,"Simic et al., 2016",44.870012,20.328897,RM,4,tilled,none,community,N,N,M,Sb-W-M,3,3,4,3628.5,NA,NA,NA
45,"Singer et al., 2000",42.642558,-77.147832,RM,2,tilled,herbicides,community,N,N,M,M,1,1,2,NA,NA,0.5,NA
45,"Singer et al., 2000",42.765168,-76.870039,RM,2,tilled,herbicides,community,N,N,M,M,1,1,2,NA,NA,0.1,NA
45,"Singer et al., 2000",42.76525,-76.548483,RM,2,tilled,herbicides,community,N,N,M,M,1,1,2,NA,NA,0.4,NA
45,"Singer et al., 2000",42.642558,-77.147832,RM,2,tilled,herbicides,community,N,N,M,M,1,1,3,NA,NA,1.1,NA
45,"Singer et al., 2000",42.765168,-76.870039,RM,2,tilled,herbicides,community,N,N,M,M,1,1,3,NA,NA,0.3,NA
45,"Singer et al., 2000",42.76525,-76.548483,RM,2,tilled,herbicides,community,N,N,M,M,1,1,3,NA,NA,0.9,NA
45,"Singer et al., 2000",43.154907,-78.203586,RM,2,tilled,herbicides,community,N,N,M,M,1,1,3,NA,NA,1.6,NA
45,"Singer et al., 2000",42.642558,-77.147832,RM,2,tilled,herbicides,community,N,N,M,M,1,1,4,NA,NA,1,NA
45,"Singer et al., 2000",42.765168,-76.870039,RM,2,tilled,herbicides,community,N,N,M,M,1,1,4,NA,NA,0.3,NA
45,"Singer et al., 2000",42.76525,-76.548483,RM,2,tilled,herbicides,community,N,N,M,M,1,1,4,NA,NA,2.4,NA
45,"Singer et al., 2000",43.154907,-78.203586,RM,2,tilled,herbicides,community,N,N,M,M,1,1,4,NA,NA,1.7,NA
45,"Singer et al., 2000",42.642558,-77.147832,RM,2,tilled,herbicides,community,Y,N,M,Sb-M,2,2,2,NA,NA,2,NA
45,"Singer et al., 2000",42.765168,-76.870039,RM,2,tilled,herbicides,community,Y,N,M,Sb-M,2,2,2,NA,NA,0.3,NA
45,"Singer et al., 2000",42.76525,-76.548483,RM,2,tilled,herbicides,community,Y,N,M,Sb-M,2,2,2,NA,NA,0.2,NA
45,"Singer et al., 2000",42.642558,-77.147832,RM,2,tilled,herbicides,community,Y,N,M,Sb-M,2,2,3,NA,NA,1.7,NA
45,"Singer et al., 2000",42.765168,-76.870039,RM,2,tilled,herbicides,community,Y,N,M,Sb-M,2,2,3,NA,NA,0.3,NA
45,"Singer et al., 2000",42.76525,-76.548483,RM,2,tilled,herbicides,community,Y,N,M,Sb-M,2,2,3,NA,NA,1.9,NA
45,"Singer et al., 2000",43.154907,-78.203586,RM,2,tilled,herbicides,community,Y,N,M,Sb-M,2,2,3,NA,NA,2.5,NA
45,"Singer et al., 2000",42.642558,-77.147832,RM,2,tilled,herbicides,community,Y,N,M,Sb-M,2,2,4,NA,NA,2.6,NA
45,"Singer et al., 2000",42.765168,-76.870039,RM,2,tilled,herbicides,community,Y,N,M,Sb-M,2,2,4,NA,NA,0.1,NA
45,"Singer et al., 2000",42.76525,-76.548483,RM,2,tilled,herbicides,community,Y,N,M,Sb-M,2,2,4,NA,NA,1.4,NA
45,"Singer et al., 2000",43.154907,-78.203586,RM,2,tilled,herbicides,community,Y,N,M,Sb-M,2,2,4,NA,NA,1.6,NA
45,"Singer et al., 2000",42.642558,-77.147832,RM,2,tilled,herbicides,community,Y,N,M,Sb-W/RCl-M,3,4,2,NA,NA,2.5,NA
45,"Singer et al., 2000",42.765168,-76.870039,RM,2,tilled,herbicides,community,Y,N,M,Sb-W/RCl-M,3,4,2,NA,NA,0.4,NA
45,"Singer et al., 2000",42.76525,-76.548483,RM,2,tilled,herbicides,community,Y,N,M,Sb-W/RCl-M,3,4,2,NA,NA,2.4,NA
45,"Singer et al., 2000",42.642558,-77.147832,RM,2,tilled,herbicides,community,Y,N,M,Sb-W/RCl-M,3,4,3,NA,NA,0.9,NA
45,"Singer et al., 2000",42.765168,-76.870039,RM,2,tilled,herbicides,community,Y,N,M,Sb-W/RCl-M,3,4,3,NA,NA,0.2,NA
45,"Singer et al., 2000",42.76525,-76.548483,RM,2,tilled,herbicides,community,Y,N,M,Sb-W/RCl-M,3,4,3,NA,NA,1.6,NA
45,"Singer et al., 2000",43.154907,-78.203586,RM,2,tilled,herbicides,community,Y,N,M,Sb-W/RCl-M,3,4,3,NA,NA,1.3,NA
45,"Singer et al., 2000",42.642558,-77.147832,RM,2,tilled,herbicides,community,Y,N,M,Sb-W/RCl-M,3,4,4,NA,NA,9.9,NA
45,"Singer et al., 2000",42.765168,-76.870039,RM,2,tilled,herbicides,community,Y,N,M,Sb-W/RCl-M,3,4,4,NA,NA,0.7,NA
45,"Singer et al., 2000",42.76525,-76.548483,RM,2,tilled,herbicides,community,Y,N,M,Sb-W/RCl-M,3,4,4,NA,NA,0.7,NA
45,"Singer et al., 2000",43.154907,-78.203586,RM,2,tilled,herbicides,community,Y,N,M,Sb-W/RCl-M,3,4,4,NA,NA,6.3,NA
45,"Singer et al., 2000",42.642558,-77.147832,RM,2,tilled,none,community,N,N,M,M,1,1,4,NA,NA,560,NA
45,"Singer et al., 2000",42.765168,-76.870039,RM,2,tilled,none,community,N,N,M,M,1,1,4,NA,NA,259,NA
45,"Singer et al., 2000",42.76525,-76.548483,RM,2,tilled,none,community,N,N,M,M,1,1,4,NA,NA,470,NA
45,"Singer et al., 2000",43.154907,-78.203586,RM,2,tilled,none,community,N,N,M,M,1,1,4,NA,NA,233,NA
45,"Singer et al., 2000",42.642558,-77.147832,RM,2,tilled,none,community,Y,N,M,Sb-M,2,2,4,NA,NA,1165,NA
45,"Singer et al., 2000",42.765168,-76.870039,RM,2,tilled,none,community,Y,N,M,Sb-M,2,2,4,NA,NA,35,NA
45,"Singer et al., 2000",42.76525,-76.548483,RM,2,tilled,none,community,Y,N,M,Sb-M,2,2,4,NA,NA,1264,NA
45,"Singer et al., 2000",43.154907,-78.203586,RM,2,tilled,none,community,Y,N,M,Sb-M,2,2,4,NA,NA,175,NA
45,"Singer et al., 2000",42.642558,-77.147832,RM,2,tilled,none,community,Y,N,M,Sb-W/RCl-M,3,4,4,NA,NA,1494,NA
45,"Singer et al., 2000",42.765168,-76.870039,RM,2,tilled,none,community,Y,N,M,Sb-W/RCl-M,3,4,4,NA,NA,59,NA
45,"Singer et al., 2000",42.76525,-76.548483,RM,2,tilled,none,community,Y,N,M,Sb-W/RCl-M,3,4,4,NA,NA,867,NA
45,"Singer et al., 2000",43.154907,-78.203586,RM,2,tilled,none,community,Y,N,M,Sb-W/RCl-M,3,4,4,NA,NA,611,NA
46,"Soon and Darwent, 1998",55.202226,-119.438397,LAST,4,tilled,herbicides,single species,N,N,sB,sB,1,1,6,NA,NA,6,NA
46,"Soon and Darwent, 1998",55.202226,-119.438397,LAST,4,tilled,herbicides,single species,N,N,sB,sR-sB-sB,3,2,6,NA,NA,0,NA
46,"Soon and Darwent, 1998",55.202226,-119.438397,LAST,4,tilled,none,single species,N,N,sB,sB,1,1,6,NA,NA,290,NA
46,"Soon and Darwent, 1998",55.202226,-119.438397,LAST,4,tilled,none,single species,N,N,sB,sR-sB-sB,3,2,6,NA,NA,370,NA
47,"Sosnoskie et al., 2009",40.781866,-81.930794,RM,3,IC,herbicides,community,N,N,M,M,1,1,41,NA,NA,180,NA
47,"Sosnoskie et al., 2009",40.781866,-81.930794,RM,3,IC,herbicides,community,N,N,M,M,1,1,42,NA,NA,350,NA
47,"Sosnoskie et al., 2009",40.781866,-81.930794,RM,3,IC,herbicides,community,N,N,M,M,1,1,43,NA,NA,100,NA
47,"Sosnoskie et al., 2009",40.781866,-81.930794,RM,3,IC,herbicides,community,N,N,M,Sb-M,2,2,41,NA,NA,165,NA
47,"Sosnoskie et al., 2009",40.781866,-81.930794,RM,3,IC,herbicides,community,N,N,M,Sb-M,2,2,42,NA,NA,240,NA
47,"Sosnoskie et al., 2009",40.781866,-81.930794,RM,3,IC,herbicides,community,N,N,M,Sb-M,2,2,43,NA,NA,80,NA
47,"Sosnoskie et al., 2009",40.781866,-81.930794,RM,3,IC,herbicides,community,Y,N,M,O/Flm-Flm-M,3,3,41,NA,NA,263.3333333333333,NA
47,"Sosnoskie et al., 2009",40.781866,-81.930794,RM,3,IC,herbicides,community,Y,N,M,O/Flm-Flm-M,3,3,42,NA,NA,273.3333333333333,NA
47,"Sosnoskie et al., 2009",40.781866,-81.930794,RM,3,IC,herbicides,community,Y,N,M,O/Flm-Flm-M,3,3,43,NA,NA,153.33333333333334,NA
48,"Stevenson et al., 1997",48.828344,-72.540739,RM,4,tilled,herbicides,community,N,N,sB,sB,1,1,5,2,NA,0,NA
48,"Stevenson et al., 1997",48.828344,-72.540739,RM,4,tilled,herbicides,community,N,N,sB,sB,1,1,6,70,NA,19,NA
48,"Stevenson et al., 1997",48.828344,-72.540739,RM,4,tilled,herbicides,community,N,N,sB,sB,1,1,7,89.5,NA,114,NA
48,"Stevenson et al., 1997",48.828344,-72.540739,RM,4,tilled,herbicides,community,N,N,sB,sB,1,1,8,22,NA,45,NA
48,"Stevenson et al., 1997",48.828344,-72.540739,RM,4,tilled,herbicides,community,Y,N,sB,Flm-Flm-sB/Flm,3,2,5,240,NA,35.5,NA
48,"Stevenson et al., 1997",48.828344,-72.540739,RM,4,tilled,herbicides,community,Y,N,sB,Flm-Flm-sB/Flm,3,2,6,198.5,NA,119,NA
48,"Stevenson et al., 1997",48.828344,-72.540739,RM,4,tilled,herbicides,community,Y,N,sB,Flm-Flm-sB/Flm,3,2,7,115.5,NA,79,NA
48,"Stevenson et al., 1997",48.828344,-72.540739,RM,4,tilled,herbicides,community,Y,N,sB,Flm-Flm-sB/Flm,3,2,8,142.5,NA,114.5,NA
49,"Taa et al., 2004",7.106247,39.200667,RM,3,IC,herbicides,single species,N,N,W,W,1,1,5,NA,NA,57.45,NA
49,"Taa et al., 2004",7.106247,39.200667,RM,3,IC,herbicides,single species,N,N,W,W,1,1,6,NA,NA,87.55,NA
49,"Taa et al., 2004",7.106247,39.200667,RM,3,IC,herbicides,single species,N,N,W,W,1,1,7,NA,NA,36.1,NA
49,"Taa et al., 2004",7.106247,39.200667,RM,3,IC,herbicides,single species,N,N,W,W,1,1,8,NA,NA,243.4,NA
49,"Taa et al., 2004",8.019806,39.160252,RM,3,IC,herbicides,single species,N,N,W,W,1,1,8,NA,NA,6.975,NA
49,"Taa et al., 2004",7.106247,39.200667,RM,3,IC,herbicides,single species,N,N,W,W,1,1,10,212.65,NA,NA,NA
49,"Taa et al., 2004",8.019806,39.160252,RM,3,IC,herbicides,single species,N,N,W,W,1,1,10,112.46000000000001,NA,38.45,NA
49,"Taa et al., 2004",7.106247,39.200667,RM,3,IC,herbicides,single species,N,N,W,Fa-W-W,3,2,5,NA,NA,30.58,NA
49,"Taa et al., 2004",7.106247,39.200667,RM,3,IC,herbicides,single species,N,N,W,Fa-W-W,3,2,6,NA,NA,19.225,NA
49,"Taa et al., 2004",7.106247,39.200667,RM,3,IC,herbicides,single species,N,N,W,Fa-W-W,3,2,7,NA,NA,6.42,NA
49,"Taa et al., 2004",7.106247,39.200667,RM,3,IC,herbicides,single species,N,N,W,Fa-W-W,3,2,8,NA,NA,100.35,NA
49,"Taa et al., 2004",8.019806,39.160252,RM,3,IC,herbicides,single species,N,N,W,Fa-W-W,3,2,8,NA,NA,1.04,NA
49,"Taa et al., 2004",7.106247,39.200667,RM,3,IC,herbicides,single species,N,N,W,Fa-W-W,3,2,10,179.45,NA,NA,NA
49,"Taa et al., 2004",8.019806,39.160252,RM,3,IC,herbicides,single species,N,N,W,Fa-W-W,3,2,10,46.22,NA,14.4,NA
49,"Taa et al., 2004",8.019806,39.160252,RM,3,NT,herbicides,single species,N,N,W,W,1,1,10,230,NA,NA,NA
49,"Taa et al., 2004",8.019806,39.160252,RM,3,NT,herbicides,single species,N,N,W,Fa-W-W,3,2,10,74,NA,NA,NA
49,"Taa et al., 2004",8.019806,39.160252,RM,3,tilled,herbicides,single species,N,N,W,W,1,1,10,7,NA,NA,NA
49,"Taa et al., 2004",8.019806,39.160252,RM,3,tilled,herbicides,single species,N,N,W,Fa-W-W,3,2,10,8,NA,NA,NA
50,"VanGessel et al., 2004",39.179746,-76.182421,LAST,4,IC,herbicides,community,N,N,M,M,1,1,6,NA,NA,96,NA
50,"VanGessel et al., 2004",39.179746,-76.182421,LAST,4,IC,herbicides,community,N,N,M,Sb-M,2,2,6,NA,NA,87,NA
50,"VanGessel et al., 2004",39.179746,-76.182421,LAST,4,IC,herbicides,community,N,N,M,Sb-W-M,3,3,6,NA,NA,64,NA
50,"VanGessel et al., 2004",39.179746,-76.182421,LAST,4,IC,herbicides,community,N,N,M,W/Sb-M,2,3,6,NA,NA,81,NA
51,"White et al., 2004",38.879959,-99.327116,RM,4,tilled,herbicides,single species,N,Y,W,F-W,2,1,21,NA,NA,19,NA
51,"White et al., 2004",38.879959,-99.327116,RM,4,tilled,herbicides,single species,N,Y,W,F-W,2,1,22,NA,NA,36,NA
51,"White et al., 2004",38.879959,-99.327116,RM,4,tilled,herbicides,single species,N,Y,W,F-W,2,1,23,NA,NA,0,NA
51,"White et al., 2004",38.879959,-99.327116,RM,4,tilled,herbicides,single species,N,Y,W,F-W,2,1,24,NA,NA,47,NA
51,"White et al., 2004",38.879959,-99.327116,RM,4,tilled,herbicides,single species,N,Y,W,F-W,2,1,25,NA,NA,36,NA
51,"White et al., 2004",38.879959,-99.327116,RM,4,tilled,herbicides,single species,N,Y,W,F-W,2,1,26,NA,NA,1,NA
51,"White et al., 2004",38.879959,-99.327116,RM,4,tilled,herbicides,single species,N,Y,W,F-W,2,1,27,NA,NA,103,NA
51,"White et al., 2004",38.879959,-99.327116,RM,4,tilled,herbicides,single species,N,N,W,So-F-W,3,3,21,NA,NA,19,NA
51,"White et al., 2004",38.879959,-99.327116,RM,4,tilled,herbicides,single species,N,N,W,So-F-W,3,3,22,NA,NA,23,NA
51,"White et al., 2004",38.879959,-99.327116,RM,4,tilled,herbicides,single species,N,N,W,So-F-W,3,3,23,NA,NA,11,NA
51,"White et al., 2004",38.879959,-99.327116,RM,4,tilled,herbicides,single species,N,N,W,So-F-W,3,3,24,NA,NA,42,NA
51,"White et al., 2004",38.879959,-99.327116,RM,4,tilled,herbicides,single species,N,N,W,So-F-W,3,3,25,NA,NA,29,NA
51,"White et al., 2004",38.879959,-99.327116,RM,4,tilled,herbicides,single species,N,N,W,So-F-W,3,3,26,NA,NA,1,NA
51,"White et al., 2004",38.879959,-99.327116,RM,4,tilled,herbicides,single species,N,N,W,So-F-W,3,3,27,NA,NA,1,NA
51,"White et al., 2004",38.879959,-99.327116,RM,4,tilled,herbicides,single species,N,N,W,So-Su-F-W,4,4,21,NA,NA,19,NA
51,"White et al., 2004",38.879959,-99.327116,RM,4,tilled,herbicides,single species,N,N,W,So-Su-F-W,4,4,22,NA,NA,19,NA
51,"White et al., 2004",38.879959,-99.327116,RM,4,tilled,herbicides,single species,N,N,W,So-Su-F-W,4,4,23,NA,NA,11,NA
51,"White et al., 2004",38.879959,-99.327116,RM,4,tilled,herbicides,single species,N,N,W,So-Su-F-W,4,4,24,NA,NA,47,NA
51,"White et al., 2004",38.879959,-99.327116,RM,4,tilled,herbicides,single species,N,N,W,So-Su-F-W,4,4,25,NA,NA,27,NA
51,"White et al., 2004",38.879959,-99.327116,RM,4,tilled,herbicides,single species,N,N,W,So-Su-F-W,4,4,26,NA,NA,1,NA
51,"White et al., 2004",38.879959,-99.327116,RM,4,tilled,herbicides,single species,N,N,W,So-Su-F-W,4,4,27,NA,NA,1,NA
52,"Wozniak and Soroka, 2015",51.30387,23.613546,LAST,4,tilled,mechanical,community,N,N,sTr,sTr,1,1,13,54.1,NA,49.9,NA
52,"Wozniak and Soroka, 2015",51.30387,23.613546,LAST,4,tilled,mechanical,community,N,N,sW,sW,1,1,23,16.1,NA,26.9,NA
52,"Wozniak and Soroka, 2015",51.30387,23.613546,LAST,4,tilled,mechanical,community,N,N,sW,sW,1,1,28,16.5,NA,19.3,NA
52,"Wozniak and Soroka, 2015",51.30387,23.613546,LAST,4,tilled,mechanical,community,N,N,Tr,Tr,1,1,3,19.5,NA,18.9,NA
52,"Wozniak and Soroka, 2015",51.30387,23.613546,LAST,4,tilled,mechanical,community,N,N,Tr,Tr,1,1,8,20.4,NA,48.8,NA
52,"Wozniak and Soroka, 2015",51.30387,23.613546,LAST,4,tilled,mechanical,community,N,N,W,W,1,1,18,25.3,NA,30.9,NA
52,"Wozniak and Soroka, 2015",51.30387,23.613546,LAST,4,tilled,mechanical,community,N,N,sW,Fp-sW-Fp-sW,2,2,23,11.8,NA,16.5,NA
52,"Wozniak and Soroka, 2015",51.30387,23.613546,LAST,4,tilled,mechanical,community,N,N,sW,Fp-sW-Fp-sW,2,2,28,16.8,NA,21.5,NA
52,"Wozniak and Soroka, 2015",51.30387,23.613546,LAST,4,tilled,mechanical,community,N,N,sTr,Po-sTr-Fp-sTr,4,3,13,39.5,NA,21.5,NA
52,"Wozniak and Soroka, 2015",51.30387,23.613546,LAST,4,tilled,mechanical,community,N,N,Tr,Po-Tr-Fp-Tr,4,3,3,15.8,NA,16.2,NA
52,"Wozniak and Soroka, 2015",51.30387,23.613546,LAST,4,tilled,mechanical,community,N,N,Tr,Po-Tr-Fp-Tr,4,3,8,17.1,NA,33.1,NA
52,"Wozniak and Soroka, 2015",51.30387,23.613546,LAST,4,tilled,mechanical,community,N,N,W,Po-W-Fp-W,4,3,18,20.2,NA,25,NA
53,"Wozniak, 2003",51.295943,23.619321,AVG,4,tilled,herbicides,community,N,N,sB,sB,1,1,3.5,10.9,NA,56,NA
53,"Wozniak, 2003",51.295943,23.619321,AVG,4,tilled,herbicides,community,N,N,sB,Fp-sB,2,2,3.5,14.3,NA,32,NA
53,"Wozniak, 2003",51.295943,23.619321,AVG,4,tilled,herbicides,community,N,N,sB,Po-sB,2,2,3.5,10.9,NA,53,NA
53,"Wozniak, 2003",51.295943,23.619321,AVG,4,tilled,mechanical,community,N,N,sB,sB,1,1,3.5,30.5,NA,101,NA
53,"Wozniak, 2003",51.295943,23.619321,AVG,4,tilled,mechanical,community,N,N,sB,Fp-sB,2,2,3.5,20.3,NA,56,NA
53,"Wozniak, 2003",51.295943,23.619321,AVG,4,tilled,mechanical,community,N,N,sB,Po-sB,2,2,3.5,24.5,NA,93,NA
54,"Young et al., 1996",46.726104,-117.153548,RM,4,IC,herbicides,community,N,N,W,W,1,1,3,NA,NA,60,NA
54,"Young et al., 1996",46.726104,-117.153548,RM,4,IC,herbicides,community,N,N,W,W,1,1,6,NA,NA,128,NA
54,"Young et al., 1996",46.726104,-117.153548,RM,4,IC,herbicides,community,N,N,W,sB-Fp-W,3,3,3,NA,NA,1,NA
54,"Young et al., 1996",46.726104,-117.153548,RM,4,IC,herbicides,community,N,N,W,sB-Fp-W,3,3,6,NA,NA,19,NA
54,"Young et al., 1996",46.726104,-117.153548,AVG,4,tilled,herbicides,community,N,N,W,W,1,1,3.5,NA,NA,41.5,NA
54,"Young et al., 1996",46.726104,-117.153548,AVG,4,tilled,herbicides,community,N,N,W,sB-Fp-W,3,3,3.5,NA,NA,40,NA
